,user,date,text,likes,company
0,Magic899,Mon Oct 26 00:15:42 +0000 2020,"Few more days â€˜til a new month! ğŸ¥³ Letâ€™s have a good week by tuning in with your @superteam899! Happy Monday, folks!â€¦ https://t.co/UxAhExrIdP",1,Facebook
1,SheRa_Resists,Mon Oct 26 00:15:56 +0000 2020,"RT @WorkingFamilies: Next up on our GOTV rally, we'll hear from NYC Public Advocate @JumaaneWilliams to get fired up for Election Day. Watcâ€¦",0,Facebook
2,FoustRebecca,Mon Oct 26 00:15:26 +0000 2020,RT @LSevick: Looking forward to reading with my fellow â¦@Press53 poetsâ© â¦@FoustRebeccaâ© and â¦@MarilynAnnucciâ© this Thursday night at 9pm!â€¦,0,Facebook
3,sikandar1786,Mon Oct 26 00:15:21 +0000 2020,RT @ImranKhanPTI: My letter to CEO Facebook Mark Zuckerberg to ban Islamophobia just as Facebook has banned questioning or criticising theâ€¦,0,Facebook
4,Nuha47488115,Mon Oct 26 00:15:22 +0000 2020,RT @ImranKhanPTI: My letter to CEO Facebook Mark Zuckerberg to ban Islamophobia just as Facebook has banned questioning or criticising theâ€¦,0,Facebook
5,Muhamma68086372,Mon Oct 26 00:15:22 +0000 2020,RT @ImranKhanPTI: My letter to CEO Facebook Mark Zuckerberg to ban Islamophobia just as Facebook has banned questioning or criticising theâ€¦,0,Facebook
6,Mewlions14,Mon Oct 26 00:15:22 +0000 2020,"RT @MewSuppasit_KR: [ 2020.10.15 FB. childrenhospitalthailand ]

ğŸ”—https://t.co/CdKIrKF6RT

#MewSuppasit #MewSuppasitStudio
#MewSuppasit_KRâ€¦",0,Facebook
7,ThoKanchana,Mon Oct 26 00:15:23 +0000 2020,RT @ameofficialss: |c| ğŸ“Facebook:babe_bb https://t.co/UdTYHVfCrL,0,Facebook
8,avogoldy,Mon Oct 26 00:15:24 +0000 2020,RT @rosemilk_fairy: Wallâ€™s Thailand posted a new link for @winmetawinâ€™s live tomorrow at 9pm on GMMTVâ€™s FB page. Go like it and leave positâ€¦,0,Facebook
9,harrysuke,Mon Oct 26 00:15:24 +0000 2020,"RT @AcidMelodies: Most Followed Korean Act on Facebook this week (Oct 18-24) :

#1 @BLACKPINK (+293,743)

Total : 12,367,706 followers",0,Facebook
10,MilsimSamurai00,Mon Oct 26 00:15:24 +0000 2020,Facebook is blocking this video. I wonder why?? Because you're not allowed to know the truth. That's why. Pure andâ€¦ https://t.co/yup4kwQ6P9,0,Facebook
11,Rubab,Mon Oct 26 00:15:25 +0000 2020,@ImranGhazaliPK @ImranKhanPTI @Facebook @PakPMO Finally.. fingers crossed..,0,Facebook
12,jennykg77,Mon Oct 26 00:15:26 +0000 2020,RT @BrandonStraka: I was on stage today in NE speaking at a #WalkAway Rescue America Rally when the news came in that #WalkAway hit half aâ€¦,0,Facebook
13,utahbug,Mon Oct 26 00:15:30 +0000 2020,RT @nytimes: Facebook says it has removed hundreds of accounts with ties to the Epoch Media Group that featured profile pictures generatedâ€¦,0,Facebook
14,BloggerMe3,Mon Oct 26 00:15:26 +0000 2020,RT @sirajekifamu: @BloggerMe3 â™¥i cry for independents freedom's. rights are very important when we have all rights a everything will be okâ€¦,0,Facebook
15,theophilus_BH,Mon Oct 26 00:15:26 +0000 2020,Iâ€™m getting slaughtered in my mentions and yâ€™all just watching? Sick. Iâ€™m going to Facebook,0,Facebook
16,RichardRSmith1,Mon Oct 26 00:15:27 +0000 2020,"RT @rickklein: Trump's soundbite on Obamacare and SCOTUS, as seen now on 60 Minutes (not just Facebook): ""I hope that they end it - it woulâ€¦",0,Facebook
17,mr_lovah,Mon Oct 26 00:15:27 +0000 2020,"RT @dbongino: If Donald Trump wins again, despite
-Twitter
-YouTube
-Facebook
-Google
-ABC
-NBC
-CBS
-CNN
-MSNBC
-and the Hollywood hate maâ€¦",0,Facebook
18,ayishasyed01,Mon Oct 26 00:15:28 +0000 2020,RT @ImranKhanPTI: My letter to CEO Facebook Mark Zuckerberg to ban Islamophobia just as Facebook has banned questioning or criticising theâ€¦,0,Facebook
19,TitoTorres2,Mon Oct 26 00:15:28 +0000 2020,"RT @stranahan: Facebook is blocking a link to the website with the photos and videos, even in private messages.",0,Facebook
20,Stinson_,Mon Oct 26 00:15:28 +0000 2020,â€œMiss Lock Up A Brother!â€ ğŸ˜‚ğŸ˜‚ğŸ˜‚ https://t.co/9Z55cluBXA via @FacebookWatch,0,Facebook
21,amortyong,Mon Oct 26 00:15:28 +0000 2020,"RT @miss_feuille: #aespa #Ã¦spa ğŸ¦‹

aespa, joined YouTube on 26 Jun 2020, musician classification on Facebook, and female sign on Weibo.

Theâ€¦",0,Facebook
22,zengphi,Mon Oct 26 00:15:29 +0000 2020,"RT @cnnphilippines: Nadine Lustre: 'Wildest Dreams' is not just a message for the listeners, but also a message to myself. It's like remindâ€¦",0,Facebook
23,poxannabelle,Mon Oct 26 00:15:30 +0000 2020,"Rivalidade entre redes sociais: 

Instagram: facebook 
Whatsapp: Telegram 
Facebook: twitter 
Tik tok: kwai 
Snapchâ€¦ https://t.co/a4jvfSOpLQ",0,Facebook
24,Azieta06,Mon Oct 26 00:15:21 +0000 2020,"RT @MewGulfMYFC: [201026] MewGulf Schedule Today

ğŸ”–MewGulf x Little Miracle Charity Event
â°1PM ğŸ‡¹ğŸ‡­ | 2PM ğŸ‡²ğŸ‡¾
ğŸ”—FB: https://t.co/54wtgN2kZvâ€¦

ğŸ”–â€¦",0,Facebook
25,s1mplyC1ty,Mon Oct 26 00:15:20 +0000 2020,RT @cnnphilippines: Nadine Lustre on James Reid's role in making 'Wildest Dreams': Pretty much most of the songs he actually worked on becaâ€¦,0,Facebook
26,karenjo99684113,Mon Oct 26 00:15:20 +0000 2020,"RT @reddogsusie: #TN #MEMPHIS
ğŸ†˜ğŸ†˜OWNER PASSED AWAY Dexter 5yr 6mo boy brought in with his two BFâ€™s, Carmen &amp; Striker(Code Red) after their oâ€¦",0,Facebook
27,Tindalos17,Mon Oct 26 00:15:20 +0000 2020,RT @thumpio: How the NYPD rolling up in Black communities these days (on my block): â€œTrump 2020. Put it on YouTube. Put it on Facebook...â€â€¦,0,Facebook
28,bucinmiugup,Mon Oct 26 00:15:11 +0000 2020,"RT @mgtiddiesxx: !! Schedule for today (10/26) !! 

ğŸ“ŒMewGulf x Little Miracle Charity Event [LIVE]
â°1pmğŸ‡¹ğŸ‡­/ 2pmğŸ‡µğŸ‡­
ğŸ”—FB: https://t.co/c8yA9hIdâ€¦",0,Facebook
29,naeem2651,Mon Oct 26 00:15:11 +0000 2020,RT @ImranKhanPTI: My letter to CEO Facebook Mark Zuckerberg to ban Islamophobia just as Facebook has banned questioning or criticising theâ€¦,0,Facebook
30,barbiegirlauren,Mon Oct 26 00:15:11 +0000 2020,"unironic thumbs up emojis should only be used by facebook mums, nobody else, especially not weird 14y/o boys ğŸ¤¢",0,Facebook
31,brendageraci,Mon Oct 26 00:15:12 +0000 2020,"How many times per week do you search for homes online?

Brenda Geraci 
BuyAndSellWithBrenda https://t.co/6MqeAbLxKJ",0,Facebook
32,itsyadsbitch,Mon Oct 26 00:15:12 +0000 2020,"RT @DarrenArmy: The I Will Vote Concert is also streaming of Facebook! 

https://t.co/X83LfqzlM8 https://t.co/2I3NLfroKx",0,Facebook
33,hihippopotamus,Mon Oct 26 00:15:13 +0000 2020,I spent 3 minutes typing a comment on a post i saw on Facebook and stopped for a second &amp;deleted it all.,0,Facebook
34,Ssunna2,Mon Oct 26 00:15:14 +0000 2020,"RT @Brightwin4_ever: ScheduleğŸ’šwin metawinğŸ°

Wallâ€™s Viennetta  
ğŸ•‘ 21.00-22.00 
ğŸ—“ 26-10-20
 ğŸ¬Facebook 
 ğŸ¬Youtube : GMMTV (Live)

ğŸ“à¸ªà¸³à¸«à¸£à¸±à¸š # à¸ˆà¸°â€¦",0,Facebook
35,LiveGoldCountry,Mon Oct 26 00:15:14 +0000 2020,"Cleanliness is next to godliness - look at that counter top glisten.

Jessica Wilson
https://t.co/BWzWTr9dHOâ€¦ https://t.co/ORQBImUL1X",0,Facebook
36,queekie1,Mon Oct 26 00:15:14 +0000 2020,"RT @SaraGideon: While Senator Collins may not want to be seen with Donald Trump in Maine today, her record is clear: Sheâ€™s put Trump aheadâ€¦",0,Facebook
37,Introvert_Em,Mon Oct 26 00:15:15 +0000 2020,"RT @ObongRoviel: Lagos state caught 229 people in 3 days that looted from warehouse 

But canâ€™t arrest one thug that his pictures and Facebâ€¦",0,Facebook
38,aria_law28,Mon Oct 26 00:15:15 +0000 2020,"RT @welovemewgulf: [MewGulf Schedule] 10.26.2020

[EVENT] Little Miracle x MewGulf Meet &amp; Greet Charity
ğŸ•• 1:00PM to 3:00PM ğŸ‡¹ğŸ‡­
ğŸ¥ TBA

[LIVE]â€¦",0,Facebook
39,KBmonkeyweed,Mon Oct 26 00:15:16 +0000 2020,"RT @DeonnaPurrazzo: Tonight Iâ€™ll be joining @IMPACTWRESTLING Pop-Up Store on FACEBOOK LIVE at 9PM! 

Iâ€™m auctioning off ring-with knee-padsâ€¦",0,Facebook
40,Hnon_En,Mon Oct 26 00:15:16 +0000 2020,"RT @micyam88: à¸‡à¸²à¸™à¸§à¸±à¸™à¸™à¸µà¹‰ 26.10.63

ğŸµğŸ˜¸ğŸµğŸ˜¸ğŸ˜¸ğŸµğŸ˜¸ğŸµğŸ˜¸ğŸ˜¸ğŸµ

ğŸ“Œ Press Con Boyfriends 
â° 19.00à¸™.
ğŸ“º https://t.co/b9RGp9YpMi
ğŸ‘‰ https://t.co/uP0giDIHjw

#warwâ€¦",0,Facebook
41,_numba1stunna,Mon Oct 26 00:15:16 +0000 2020,RT @72Ieo: facebook be on another level ğŸ˜­ https://t.co/fj38ipuOyt,0,Facebook
42,Sree_eerS,Mon Oct 26 00:15:17 +0000 2020,"RT @FBoversight: âš ï¸Attentionâš ï¸ As disinformation, fake news, and graphic content spreads on Facebook, we have invited Zuck's hidden workforâ€¦",0,Facebook
43,bwpath,Mon Oct 26 00:15:17 +0000 2020,"RT @Brightwin4_ever: ScheduleğŸ’šwin metawinğŸ°

Wallâ€™s Viennetta  
ğŸ•‘ 21.00-22.00 
ğŸ—“ 26-10-20
 ğŸ¬Facebook 
 ğŸ¬Youtube : GMMTV (Live)

ğŸ“à¸ªà¸³à¸«à¸£à¸±à¸š # à¸ˆà¸°â€¦",0,Facebook
44,BelieversAlice,Mon Oct 26 00:15:17 +0000 2020,"Are you ready for tomorrow's special advance screening of #MNL48Alice 's ""MNL48 Presents - Pranks Not Dead""?

If noâ€¦ https://t.co/npedOaA0tk",0,Facebook
45,MidwesternMama2,Mon Oct 26 00:15:19 +0000 2020,"RT @rickklein: Trump's soundbite on Obamacare and SCOTUS, as seen now on 60 Minutes (not just Facebook): ""I hope that they end it - it woulâ€¦",0,Facebook
46,Kwangpnn1,Mon Oct 26 00:15:19 +0000 2020,"RT @Brightwin4_ever: ScheduleğŸ’šwin metawinğŸ°

Wallâ€™s Viennetta  
ğŸ•‘ 21.00-22.00 
ğŸ—“ 26-10-20
 ğŸ¬Facebook 
 ğŸ¬Youtube : GMMTV (Live)

ğŸ“à¸ªà¸³à¸«à¸£à¸±à¸š # à¸ˆà¸°â€¦",0,Facebook
47,sugar9940,Mon Oct 26 00:15:19 +0000 2020,RT @ImranKhanPTI: My letter to CEO Facebook Mark Zuckerberg to ban Islamophobia just as Facebook has banned questioning or criticising theâ€¦,0,Facebook
48,dannyboyrand,Mon Oct 26 00:15:20 +0000 2020,RT @CSMFHT: As seen on Facebook https://t.co/kA3IUOSBJQ,0,Facebook
49,Prog_Blacksmith,Mon Oct 26 00:15:30 +0000 2020,"RT @ZephyrTeachout: You do not want Zuckerberg, or any private company, as your national Chief Truth &amp; Justice Officer, part 1000. 

The moâ€¦",0,Facebook
50,RiazAhmadBhutt5,Mon Oct 26 00:15:31 +0000 2020,RT @ImranKhanPTI: My letter to CEO Facebook Mark Zuckerberg to ban Islamophobia just as Facebook has banned questioning or criticising theâ€¦,0,Facebook
51,kithkiheon,Mon Oct 26 00:15:55 +0000 2020,RT @WORLDMUSICAWARD: #MONSTAX stun in new Concept Pics for their much anticipated 3rd full album #FatalLove dropping November 2!ğŸ“·âœ¨3ï¸âƒ£ğŸ’¿ğŸ’¥2ï¸âƒ£ğŸ”¥â€¦,0,Facebook
52,DeSotoBands,Mon Oct 26 00:15:44 +0000 2020,"Marching Season Recap

https://t.co/o8we4wpUiY https://t.co/JmXpR4A0aD",0,Facebook
53,Aman12300021,Mon Oct 26 00:15:46 +0000 2020,"RT @cjwerleman: Most Facebook fact-checking partners in India fail to fact-check BJP-led misinformation.

Facebook is fascismâ€™s best friendâ€¦",0,Facebook
54,Andrea6Mitchell,Mon Oct 26 00:15:47 +0000 2020,I've been anxious for days because a young woman whom I'm very attached to posted a frustrated rant on facebook aboâ€¦ https://t.co/ipsvMXFGjH,0,Facebook
55,svtup_join,Mon Oct 26 00:15:48 +0000 2020,"Music is one of the few things that unites people of all religions, races and professions. ğŸ˜  Come vibe with us inâ€¦ https://t.co/i95B9xBryr",0,Facebook
56,jamtartladyharp,Mon Oct 26 00:15:48 +0000 2020,"RT @shishnfips: ğŸ¾SKD USA Fall Craft FairğŸ¾
To help #SouthKorea #DogMeatTrade survivors

Please join us!
â°November 6, 2020
to
â°November 8, 20â€¦",0,Facebook
57,brandibookshelf,Mon Oct 26 00:15:48 +0000 2020,Have you ever like unknowingly inserted yourself in Facebook drama because OOOOOF. And then you have to explain youâ€¦ https://t.co/inuLRaV8ob,0,Facebook
58,WPaulHamill,Mon Oct 26 00:15:49 +0000 2020,RT @sunraysunray: Facebook is now blocking our videos for violating â€œcommunity standardsâ€ that trigger certain key words. Was it the â€œMarxiâ€¦,0,Facebook
59,issamsaad,Mon Oct 26 00:15:50 +0000 2020,"RT @CixLiv: Important VR PSA #2: ğŸ‘‰ Oculus headsets being used simultaneously on the same Facebook account will get it banned.

â€œnot be ableâ€¦",0,Facebook
60,wildgreekgodbot,Mon Oct 26 00:15:50 +0000 2020,Hemera is sometimes on Twitter or getting into Facebook arguments.,0,Facebook
61,BrightWinMYFav,Mon Oct 26 00:15:51 +0000 2020,"RT @Brightwin4_ever: ScheduleğŸ’šwin metawinğŸ°

Wallâ€™s Viennetta  
ğŸ•‘ 21.00-22.00 
ğŸ—“ 26-10-20
 ğŸ¬Facebook 
 ğŸ¬Youtube : GMMTV (Live)

ğŸ“à¸ªà¸³à¸«à¸£à¸±à¸š # à¸ˆà¸°â€¦",0,Facebook
62,LileeSosa,Mon Oct 26 00:15:51 +0000 2020,Iâ€™m about to activate my Facebook and join a group. Iâ€™m too old not to have no friends lol,0,Facebook
63,PuggsDreadd,Mon Oct 26 00:15:51 +0000 2020,"RT @FleshWoundRadio: #TheSimpsonsTreehouseOfHorrors special. Join us for Mo and his Droogs, Kaiju Homer, the fires of hell itself, &amp;as a boâ€¦",0,Facebook
64,quotidien_pain,Mon Oct 26 00:15:51 +0000 2020,RT @partyyhardie: I love FacebookğŸ˜‚ https://t.co/hN9v6gGQax,0,Facebook
65,BoyAndMonster,Mon Oct 26 00:15:53 +0000 2020,"We understand, Tanisha.

credit: https://t.co/XrlW9P7ixr https://t.co/qFWcayLaMH",0,Facebook
66,EntMediaNews,Mon Oct 26 00:15:53 +0000 2020,Facebook Prepares Measures for Possible Election Unrest â€“Â WSJ https://t.co/B1Ve87Ij09,0,Facebook
67,CarrieDevorah1,Mon Oct 26 00:15:54 +0000 2020,@MLGG2 @BBCWorld @CNN @HRWcanada @UN_Women @WHO @JustinTrudeau @patientombuds @PattyHajdu @OntariosDoctorsâ€¦ https://t.co/gwNsDuOg7K,0,Facebook
68,shadow63769355,Mon Oct 26 00:15:55 +0000 2020,"RT @SB19Official: Tilaluha Cover Contest! Win P10,000! See SB19â€™s Facebook Page for more details:  https://t.co/L9H4NqDf1F https://t.co/m8Câ€¦",0,Facebook
69,TaniaVillag,Mon Oct 26 00:15:55 +0000 2020,"RT @mgtiddiesxx: !! Schedule for today (10/26) !! 

ğŸ“ŒMewGulf x Little Miracle Charity Event [LIVE]
â°1pmğŸ‡¹ğŸ‡­/ 2pmğŸ‡µğŸ‡­
ğŸ”—FB: https://t.co/c8yA9hIdâ€¦",0,Facebook
70,cgp_careless,Mon Oct 26 00:15:55 +0000 2020,"RT @cnnphilippines: Actress-singer Nadine Lustre shows her vulnerable side in her debut album, 'Wildest Dreams.'

She says it's inspired byâ€¦",0,Facebook
71,HatimElmadani,Mon Oct 26 00:15:55 +0000 2020,"* Note, this survey comes from WhatsApp, Facebook, and other channels I participate in in Sudan, and from phone calâ€¦ https://t.co/0IkXHCYZlR",0,Facebook
72,demaniromaszz,Mon Oct 26 00:15:55 +0000 2020,"Everyone go follow my lash page @fabulashbydemani insta &amp; Facebook!!

Thank you for the support ğŸ’—ğŸ’—

Available at myâ€¦ https://t.co/JUdSCiI3hZ",0,Facebook
73,mama_seedy,Mon Oct 26 00:15:55 +0000 2020,"RT @SaraGideon: While Senator Collins may not want to be seen with Donald Trump in Maine today, her record is clear: Sheâ€™s put Trump aheadâ€¦",0,Facebook
74,capnjazzyjeff,Mon Oct 26 00:15:45 +0000 2020,"Though my admin days are over and done with, I do feel a deep desire to send everyone who requests to join the goldâ€¦ https://t.co/sDPYTxF9vh",0,Facebook
75,MDaware,Mon Oct 26 00:15:44 +0000 2020,"RT @ashishkjha: More nonsense

There is no higher reimbursement that I can find for car accident victims who are COVID+. 

And if you billâ€¦",0,Facebook
76,muchojordan,Mon Oct 26 00:15:31 +0000 2020,"@nwlaguy I mean, I know people change but you could be a case study for how Facebook and Twitter has been used to radicalize the GOP base.",0,Facebook
77,zengphi,Mon Oct 26 00:15:43 +0000 2020,"RT @cnnphilippines: Actress-singer Nadine Lustre shows her vulnerable side in her debut album, 'Wildest Dreams.'

She says it's inspired byâ€¦",0,Facebook
78,Adolfo_TDU,Mon Oct 26 00:15:32 +0000 2020,RT @CSMFHT: As seen on Facebook https://t.co/kA3IUOSBJQ,0,Facebook
79,badgermom88,Mon Oct 26 00:15:32 +0000 2020,"RT @SaraGideon: While Senator Collins may not want to be seen with Donald Trump in Maine today, her record is clear: Sheâ€™s put Trump aheadâ€¦",0,Facebook
80,_NAMONG06_,Mon Oct 26 00:15:32 +0000 2020,"RT @Brightwin4_ever: ScheduleğŸ’šwin metawinğŸ°

Wallâ€™s Viennetta  
ğŸ•‘ 21.00-22.00 
ğŸ—“ 26-10-20
 ğŸ¬Facebook 
 ğŸ¬Youtube : GMMTV (Live)

ğŸ“à¸ªà¸³à¸«à¸£à¸±à¸š # à¸ˆà¸°â€¦",0,Facebook
81,brightwinniie,Mon Oct 26 00:15:33 +0000 2020,RT @rosemilk_fairy: Wallâ€™s Thailand posted a new link for @winmetawinâ€™s live tomorrow at 9pm on GMMTVâ€™s FB page. Go like it and leave positâ€¦,0,Facebook
82,Nice19480968,Mon Oct 26 00:15:33 +0000 2020,RT @99PCTGOD: @Frothymilo07 @BlazedRTs @sme_rt @FMC_RTs @PromoteAMGamers @rtsmallstreams @SupStreamers @promo_streams https://t.co/AD1p9aQKâ€¦,0,Facebook
83,Wolfsbau,Mon Oct 26 00:15:33 +0000 2020,RT @Sklarsky: @birbigs Why is it that comedians need to stick to comedy and athletes need to stick to sports but the real estate agent fromâ€¦,0,Facebook
84,ShelbyOhWx,Mon Oct 26 00:15:34 +0000 2020,"Thank you for following the Official Shelby Ohio Weather, Twitter account. covering all of North Central Ohio, Islaâ€¦ https://t.co/q7ysIrempR",0,Facebook
85,oh_magicshop,Mon Oct 26 00:15:34 +0000 2020,"RT @welovemewgulf: [MewGulf Schedule] 10.26.2020

[EVENT] Little Miracle x MewGulf Meet &amp; Greet Charity
ğŸ•• 1:00PM to 3:00PM ğŸ‡¹ğŸ‡­
ğŸ¥ TBA

[LIVE]â€¦",0,Facebook
86,mnagusd,Mon Oct 26 00:15:34 +0000 2020,RT @bts_bighit: #BTS #ë°©íƒ„ì†Œë…„ë‹¨ MAP OF THE SOUL ON:E Photo Sketch @(https://t.co/Ax2MYkbR3Y) https://t.co/jCmN72SYzM,0,Facebook
87,nancywriteon,Mon Oct 26 00:15:35 +0000 2020,"RT @SaraGideon: While Senator Collins may not want to be seen with Donald Trump in Maine today, her record is clear: Sheâ€™s put Trump aheadâ€¦",0,Facebook
88,AngelaZ_twt,Mon Oct 26 00:15:35 +0000 2020,RT @bts_bighit: #BTS #ë°©íƒ„ì†Œë…„ë‹¨ MAP OF THE SOUL ON:E Photo Sketch @(https://t.co/Ax2MYkbR3Y) https://t.co/jCmN72SYzM,0,Facebook
89,dgouldin,Mon Oct 26 00:15:35 +0000 2020,Every day Facebook makes it easier and easier to justify not having an account. https://t.co/zEijKunQCh,0,Facebook
90,Munir_Abdi1,Mon Oct 26 00:15:35 +0000 2020,RT @ImranKhanPTI: My letter to CEO Facebook Mark Zuckerberg to ban Islamophobia just as Facebook has banned questioning or criticising theâ€¦,0,Facebook
91,Cilla15,Mon Oct 26 00:15:36 +0000 2020,"RT @bbcnewspidgin: Fake news alert: We don see dis tori dey fly upandan for WhatsApp and Facebook, dis na fake news. BBC stand by every repâ€¦",0,Facebook
92,bLvdbarbie,Mon Oct 26 00:15:37 +0000 2020,RT @partynextweexnd: i want yâ€™all to know how bad i hate facebook https://t.co/tREcrkBAWH,0,Facebook
93,mofaraj216,Mon Oct 26 00:15:37 +0000 2020,@instagram @GiveTillyaHand Why are all Instagram accounts being disabled?! @instagram @Facebook,0,Facebook
94,ervin_stern,Mon Oct 26 00:15:39 +0000 2020,"RT @ConservativeTht: RETWEET: 9 Days before the Election: @cnn, @MSNBC, @ABC, @cbs, @NBCNews are all but completely ignoring the #HunterBidâ€¦",0,Facebook
95,kit31780891,Mon Oct 26 00:15:40 +0000 2020,"RT @MewSuppasit_KR: [ 2020.10.15 FB. childrenhospitalthailand ]

ğŸ”—https://t.co/CdKIrKF6RT

#MewSuppasit #MewSuppasitStudio
#MewSuppasit_KRâ€¦",0,Facebook
96,mydaylinus,Mon Oct 26 00:15:40 +0000 2020,"RT @_AESPAGLOBAL: #AESPA OFFICIAL ACCOUNTS PLEASE FOLLOW AND SUBSCRIBE ON YT! â¤ï¸ 

INSTAGRAM: 
ğŸ“ https://t.co/OHopDPNsyc

YOUTUBE:
ğŸ“https:/â€¦",0,Facebook
97,MIRedState,Mon Oct 26 00:15:40 +0000 2020,Facebook deploys aggressive measures to combat election unrest | Fox Business https://t.co/BGHvsIiKQ1,0,Facebook
98,EricJosephHarla,Mon Oct 26 00:15:43 +0000 2020,"RT @dbongino: If Donald Trump wins again, despite
-Twitter
-YouTube
-Facebook
-Google
-ABC
-NBC
-CBS
-CNN
-MSNBC
-and the Hollywood hate maâ€¦",0,Facebook
99,Masifm51214,Mon Oct 26 00:15:10 +0000 2020,RT @ImranKhanPTI: My letter to CEO Facebook Mark Zuckerberg to ban Islamophobia just as Facebook has banned questioning or criticising theâ€¦,0,Facebook
100,rabiasquared,Mon Oct 26 00:15:19 +0000 2020,"A big thank you to my favorite local baker @MadisonSqBakery for making my daughter's birthday special!  ğŸ¥°

The BESTâ€¦ https://t.co/QMngQv9esP",3,Apple
101,TheRealProps,Mon Oct 26 00:15:19 +0000 2020,"And The Winner is @trvisXX Scott might be one of my best episodes yet! https://t.co/DAC2gtyXl8

#podcastâ€¦ https://t.co/OKhSk5uLJu",1,Apple
102,MaggieB1961,Mon Oct 26 00:15:57 +0000 2020,@HeritageRowReno @je_wells @LeeTremblett We have a beaver on our pond at the cabin - hate to jinx it but no damageâ€¦ https://t.co/efEFJEEfdM,0,Apple
103,juliarobbmar,Mon Oct 26 00:15:20 +0000 2020,"RT @JuliaDavisNews: Trump plans to fire heads of FBI, CIA and Pentagon if he wins re-election. https://t.co/uePkgQ3voA",0,Apple
104,RETROSpidycents,Mon Oct 26 00:15:21 +0000 2020,Lot Of 6 #Vintage Red Glass #Apple #Christmas #xmas #decorate #holidays #christmastree #ebay #shopsmall #ornamentsâ€¦ https://t.co/ERhEypeq5t,0,Apple
105,anacidicmess,Mon Oct 26 00:15:21 +0000 2020,"RT @charts_yg: ""THE ALBUM"" returns ro #1 on Worldwide Apple Music Chart extending its record as the Korean Artist Album with Most Days at #â€¦",0,Apple
106,takemeawaywit1,Mon Oct 26 00:15:22 +0000 2020,"RT @sydneyelexa: If you need help with student loans , rent , car payments , health insurance , Debt , unemployment , stocks , Books EtcğŸ’«â€¦",0,Apple
107,ElainaFaggard,Mon Oct 26 00:15:22 +0000 2020,RT @CP3: Very proud to let y'all know that I've teamed up with @mymovapp to raffle off some of my HBCU custom sneakers!! Proceeds will go dâ€¦,0,Apple
108,TactZSS,Mon Oct 26 00:15:22 +0000 2020,@LaelapsAdan not an apple tweet Sadge,0,Apple
109,sorceresskinks,Mon Oct 26 00:15:23 +0000 2020,Anyways back to Hannibal and apple flavored biscuits,0,Apple
110,koelsometimes,Mon Oct 26 00:15:24 +0000 2020,@AbhiNationalist ğŸ™ˆğŸ™ˆğŸ™ˆ... I am interested only in Green apple ğŸ ğŸ˜ŒğŸ˜,0,Apple
111,SpratFool,Mon Oct 26 00:15:24 +0000 2020,RT @bmph17: Find this on my latest playlist ğŸ”¥https://t.co/GrdIDpBFcs,0,Apple
112,My_Fish_Died,Mon Oct 26 00:15:25 +0000 2020,RT @trillamanilla: â€œOn My Mind ğŸŒ’â€ our now on all streaming platforms. https://t.co/IyXLlLpQ5z https://t.co/BHs8jbDdnH,0,Apple
113,BulturePod,Mon Oct 26 00:15:25 +0000 2020,"@foreverchlling Was it Love, Or Was it Just a Trauma Bond??Ep91 https://t.co/qpbhmBEg9Y",0,Apple
114,AppleRTweet,Mon Oct 26 00:15:26 +0000 2020,"RT @subwebz: #Apple, #Google and a Deal That Controls the #Internet via https://t.co/g8NBeDzisQ https://t.co/29qzxMNhDG",0,Apple
115,jpdancingbear,Mon Oct 26 00:15:26 +0000 2020,"RT @JuliaDavisNews: Trump plans to fire heads of FBI, CIA and Pentagon if he wins re-election. https://t.co/uePkgQ3voA",0,Apple
116,_TheHeezyLife,Mon Oct 26 00:15:27 +0000 2020,"@temi_coker @RobinhoodApp And to answer your last question, if you invest in companies you really believe in (I.e.â€¦ https://t.co/f3H5ivzSNF",0,Apple
117,cutiepiesinb,Mon Oct 26 00:15:27 +0000 2020,"RT @_GFRDonSpotify_: å›:Songs of the Sirens
Spotify Update â€” [10/24/20]

Apple â€” 8,861,235 (+32,946)
Eye of the Storm â€” 1,040,477 (+3,873)
Râ€¦",0,Apple
118,drippyykidd11,Mon Oct 26 00:15:29 +0000 2020,RT @NaeFineAzz: Who ever made apple juice need they dick sucked!ğŸ˜©ğŸ˜­,0,Apple
119,RedPineBarron,Mon Oct 26 00:15:30 +0000 2020,Apple time. https://t.co/iDdsvxw8Lc,0,Apple
120,playboiiimitch,Mon Oct 26 00:15:32 +0000 2020,a reason to live: https://t.co/qkm8CqxG5e,0,Apple
121,Uniongal414,Mon Oct 26 00:15:32 +0000 2020,"RT @athenaforall: Will Amazon give 600,000 workers the ability to vote?

The nationâ€™s biggest private employer, Walmart, has committed to pâ€¦",0,Apple
122,twood3,Mon Oct 26 00:15:32 +0000 2020,RT @MacRumors: Google Reportedly Pays Apple $8-12 Billion Per Year to be Default iOS Search Engine https://t.co/K3hEgEdL5N by @hartleycharlâ€¦,0,Apple
123,OuidaPowe,Mon Oct 26 00:15:32 +0000 2020,I asked a Black Trump supporter what DJT has done to secure his undying support. He never answered. I still donâ€™t gâ€¦ https://t.co/Rzzp2qzs6i,0,Apple
124,Gee_Money_209,Mon Oct 26 00:15:33 +0000 2020,Out now ğŸ”¥ https://t.co/sCMCpuh9iL,0,Apple
125,GarciaChingo,Mon Oct 26 00:15:20 +0000 2020,"RT @PopBaose: â€œNot the End of the Worldâ€ by @katyperry had been added to â€œFuture Hitsâ€ on Apple Music, fueling rumors it serves as third #Sâ€¦",0,Apple
126,elliot__louis,Mon Oct 26 00:15:20 +0000 2020,"my sister just got home and comes in, throws a candy apple at me, says nothing, and walks out",0,Apple
127,marque_jennings,Mon Oct 26 00:15:57 +0000 2020,"RT @CrumblCookies: HAPPY HALLOWEEN WEEK! ğŸ‘»âœ¨ğŸ•· 
.
October 26-31
â€¢Â ğŸ CARAMEL APPLE
â€¢Â ğŸŸ  REESEâ€™S PIECESÂ®
â€¢Â ğŸƒ PUMPKIN ROLL 
â€¢ ğŸ› DIRT CAKE 
â€¢Â ğŸ­ CHâ€¦",0,Apple
128,ghanaiandoll,Mon Oct 26 00:15:15 +0000 2020,RT @Dimmaumeh: Thank you Apple. These men lie too much.,0,Apple
129,Angieforbes_,Mon Oct 26 00:15:11 +0000 2020,RT @deathstuds: can u please fix ur height feature @Apple https://t.co/KmmxlknQJZ,0,Apple
130,RobinluvsAileen,Mon Oct 26 00:15:11 +0000 2020,@colbybrocktober NO IT'S GREEN APPLE ADDY,0,Apple
131,MigwansRay,Mon Oct 26 00:15:12 +0000 2020,@firre1337 @jon_prosser He's frimly against foldables. that will be right up untill apple does one. then it will be labelled as invitation.,0,Apple
132,The_real_Oge,Mon Oct 26 00:15:12 +0000 2020,"RT @JustinUg_: âœ° 1 month in and my EP is at 20k + streams on Apple Music, thank youâ¤ï¸ğŸ¤ğŸ¾ https://t.co/ILrSe7BMA2",0,Apple
133,The_JaviCakes,Mon Oct 26 00:15:12 +0000 2020,One and only ğŸ¶ğŸ¶ https://t.co/8qe7XlP8Zt,0,Apple
134,BulturePod,Mon Oct 26 00:15:12 +0000 2020,"@MrMarkbonnett Was it Love, Or Was it Just a Trauma Bond??Ep91 https://t.co/qpbhmBEg9Y",0,Apple
135,LesterHerrick,Mon Oct 26 00:15:13 +0000 2020,RT @springsteen: Listen to #LetterToYouÂ  Radio Episode 5 with @StevieVanZandt now on @applemusic â€” https://t.co/IEerd80ZHU https://t.co/zppâ€¦,0,Apple
136,DazzyJinzo,Mon Oct 26 00:15:14 +0000 2020,RT @pablo333lbs: @DazzyJinzo Candy apple red Salvaged V6 Mustang,0,Apple
137,Ofcyoudo,Mon Oct 26 00:15:14 +0000 2020,"RT @BTSChartDailyx: ğŸ‡ºğŸ‡¸ iTunes US

#10. @BTS_twt - Dynamite (+1) ğŸ¥³

https://t.co/M10SJvKPaQ",0,Apple
138,Megawatts55,Mon Oct 26 00:15:15 +0000 2020,"RT @JuliaDavisNews: Trump plans to fire heads of FBI, CIA and Pentagon if he wins re-election. https://t.co/uePkgQ3voA",0,Apple
139,ivanna_vas,Mon Oct 26 00:15:20 +0000 2020,"RT @ssozinha__: Remember that if your phone is still up and running, and you care about the fact that #CongolsBleeding you could spare a thâ€¦",0,Apple
140,TheSaintAndre,Mon Oct 26 00:15:17 +0000 2020,One thing about me Imma sing Charleville 9200 w emotions every time  https://t.co/XnhNVTXnFA,0,Apple
141,maggiee_xg,Mon Oct 26 00:15:17 +0000 2020,RT @globalzaay: Apple Music donâ€™t know how to shuffle music for shit ğŸ˜­,0,Apple
142,NgowiThe3rd,Mon Oct 26 00:15:17 +0000 2020,Nobody loves me like you do â¦@TheRealAlimaâ© â¤ï¸ğŸ¥° https://t.co/NaIcoWJbUW,0,Apple
143,barb_slay,Mon Oct 26 00:15:17 +0000 2020,"RT @WORLDMUSICAWARD: ğŸ”ğŸ”Ÿ SONGS ON ğŸŒ APPLE
1âƒ£Positions #ArianaGrande
2âƒ£Mood #24kGoldn
3âƒ£WAP #CardiB #MeganTheeStallion
4âƒ£Lonely #JustinBieberâ€¦",0,Apple
144,AkilxhX,Mon Oct 26 00:15:19 +0000 2020,"RT @itsyungpert: Greenz Twitter, If you use apple music RETWEET THIS!",0,Apple
145,carinahaley,Mon Oct 26 00:15:19 +0000 2020,"RT @JuliaDavisNews: Trump plans to fire heads of FBI, CIA and Pentagon if he wins re-election. https://t.co/uePkgQ3voA",0,Apple
146,SSBTHPOD,Mon Oct 26 00:15:19 +0000 2020,"Small School: Big Time Hoops Week 4 LineupğŸ€

Monday: @McMurry_WBB AC @Coach_Dub_McM joins the pod!

Wednesday:â€¦ https://t.co/1ttLeYnsFj",0,Apple
147,avra_cadaver,Mon Oct 26 00:15:19 +0000 2020,@DrWhoWhatWhyHow I'm so sorry and I hope they're able to get through this. We drank apple cider vinegar in hot wateâ€¦ https://t.co/w7QA8Obljl,0,Apple
148,jasmineemoneaa,Mon Oct 26 00:15:19 +0000 2020,apple juice wayyyy better than orange juice,0,Apple
149,AppleRTweet,Mon Oct 26 00:15:33 +0000 2020,RT @RETROSpidycents: Lot Of 6 #Vintage Red Glass #Apple #Christmas #xmas #decorate #holidays #christmastree #ebay #shopsmall #ornaments witâ€¦,0,Apple
150,willwhy_,Mon Oct 26 00:15:34 +0000 2020,RT @willwhy_: NEW SINGLE OUT NOW ALL PLATFORMS ğŸ§¨ğŸ§¨ğŸ§¨ https://t.co/ip7cQfV7Nk,0,Apple
151,fargalaxigirl,Mon Oct 26 00:15:35 +0000 2020,"RT @AppleTV: Watch Sofia Coppolaâ€™s #OntheRocks, an Apple Original Film and @A24 release, now on the Apple TV app: https://t.co/GvS7UAl0YM hâ€¦",0,Apple
152,RadioKPlaylist,Mon Oct 26 00:15:45 +0000 2020,Fiona Apple - Shameika (Fetch The Bolt Cutters),0,Apple
153,Apple_NUEST,Mon Oct 26 00:15:47 +0000 2020,"RT @KuroElse: #MilkTeaAlliance fluttering flags among Thai protestors at #à¸¡à¹‡à¸­à¸š25à¸•à¸¸à¸¥à¸²à¹„à¸›à¸£à¸²à¸Šà¸›à¸£à¸°à¸ªà¸‡à¸„à¹Œ
#à¸¡à¹‡à¸­à¸š25à¸•à¸¸à¸¥à¸² https://t.co/rQ1feN4vA2",0,Apple
154,Gee_Money_209,Mon Oct 26 00:15:48 +0000 2020,Out now ğŸ’¯ https://t.co/lIDtdAMdnI,0,Apple
155,chwestick,Mon Oct 26 00:15:48 +0000 2020,"#. OPEN ORDER !

â™¡ bukan link/mod
â™¡ 100% legal
â™¡ available andro &amp; ios
â™¡ full garansi 

t. jual beli jualan spotifyâ€¦ https://t.co/LFnbY1Zg4R",0,Apple
156,artsupp1y,Mon Oct 26 00:15:49 +0000 2020,"RT @NiaCurry20: â€œControlâ€ - A self portrait ğŸ’™â¤ï¸

~ 9x12 Painting done with acrylic apple barrel paint. It was a struggle! 

This piece is aâ€¦",0,Apple
157,BulturePod,Mon Oct 26 00:15:49 +0000 2020,"@ROBBYROB412 Was it Love, Or Was it Just a Trauma Bond??Ep91 https://t.co/qpbhmBEg9Y",0,Apple
158,JohnO0Connor,Mon Oct 26 00:15:50 +0000 2020,"RT @JuliaDavisNews: Trump plans to fire heads of FBI, CIA and Pentagon if he wins re-election. https://t.co/uePkgQ3voA",0,Apple
159,TitanGroup4,Mon Oct 26 00:15:51 +0000 2020,#hashtag3 How to Get the Best Apple Black Friday 2020 Deals https://t.co/vjd4gBglhx https://t.co/AOEQR0mNhM,0,Apple
160,DreamInLace,Mon Oct 26 00:15:51 +0000 2020,"RT @FWDFriends: #Fashionable listeners: We record a new Fashion Forward Friends #podcast episode tomorrow. If you havenâ€™t yet, our #ParisFaâ€¦",0,Apple
161,Anya_jebiga,Mon Oct 26 00:15:51 +0000 2020,@CeciliaGlennon @TheKanehB I'll take the apple ğŸ ğŸ¥§,0,Apple
162,Mr_Sotubo,Mon Oct 26 00:15:52 +0000 2020,RT @princessalaafia: If you were unaware... there are multiple dimensions in which this administration is trash https://t.co/YzBUseY6m5,0,Apple
163,DWUhlfelderLaw,Mon Oct 26 00:15:52 +0000 2020,Our leadership doesnâ€™t care but we do. Listen to our podcast to learn more. https://t.co/4FC1u7JNkX,0,Apple
164,itsvanessa_c12,Mon Oct 26 00:15:53 +0000 2020,Hi I made an apple crisp today and it was delicious,0,Apple
165,vashTea_,Mon Oct 26 00:15:53 +0000 2020,not this negro tryna tell me Apple Music and Spotify do different things ğŸ¤¦ğŸ½â€â™€ï¸,0,Apple
166,sillyyswilly,Mon Oct 26 00:15:53 +0000 2020,My favorite season is #iPhone season. @Apple ğŸ˜â¤ï¸ğŸ¥° #iPhone12Pro #GoldieğŸ“± https://t.co/HGbAy5Eax4,0,Apple
167,jackreids,Mon Oct 26 00:15:54 +0000 2020,This podcast series by â¦@ChrisHaxelâ© and â¦@TwitrHagenâ© is a deep dive into  far right ideologyâ€”beginning as an explâ€¦ https://t.co/Fs0IeIXIvh,0,Apple
168,samlunaaa,Mon Oct 26 00:15:55 +0000 2020,vibe switch  https://t.co/GGGV5rwDcc,0,Apple
169,Arjunior84,Mon Oct 26 00:15:55 +0000 2020,This should surprise no one... https://t.co/ECFKUxQtmo,0,Apple
170,gocoo,Mon Oct 26 00:15:56 +0000 2020,"RT @MMFlint: On my current episode of RUMBLE, longtime and outspoken political &amp; sports commentator Keith Olbermann joins me to discuss whaâ€¦",0,Apple
171,Sheriff_thedon,Mon Oct 26 00:15:56 +0000 2020,"RT @yourboycontrast: sad to get a milestone in such sad times. 
thank everyone for 50k on apple music ğŸ’•ğŸ§ƒ

i want more juiceboxes in the +23â€¦",0,Apple
172,lonahthiccc,Mon Oct 26 00:15:57 +0000 2020,i put 12:00 by loona on a apple ad because i can https://t.co/0TQpgky0MG,0,Apple
173,ChartsHER,Mon Oct 26 00:15:57 +0000 2020,"Apple Music US:

#43 â€œDamageâ€ - @HERMusicx (=) 

https://t.co/GpePNKhtWO",0,Apple
174,ggukvision,Mon Oct 26 00:15:46 +0000 2020,"RT @btsvotingorg: ğŸ† | THE FACT MUSIC AWARDS 

Make sure you have your accounts ready as first phase of voting is coming!

Download the appâ€¦",0,Apple
175,genzastore,Mon Oct 26 00:15:45 +0000 2020,"Silicone Airpods Case 
â¤ $ 7.95. 
â¤ https://t.co/umiHbDEtOa https://t.co/MIE7lwm00T",0,Apple
176,MiddleNameUa,Mon Oct 26 00:15:36 +0000 2020,It was only this week I discovered this is one of my favorite songs.  https://t.co/7NlJ1Mi9oT,0,Apple
177,KristoDIVG,Mon Oct 26 00:15:44 +0000 2020,RT @SheepaBlvck: Apple pie sound good right now.,0,Apple
178,theamayasymone,Mon Oct 26 00:15:36 +0000 2020,RT @globalzaay: Apple Music donâ€™t know how to shuffle music for shit ğŸ˜­,0,Apple
179,Alondra22233265,Mon Oct 26 00:15:37 +0000 2020,"RT @btschartdata: iTunes US

#9. Dynamite (+2)

 https://t.co/ns6KR79IJq",0,Apple
180,BulturePod,Mon Oct 26 00:15:38 +0000 2020,"@Kisey Was it Love, Or Was it Just a Trauma Bond??Ep91 https://t.co/qpbhmBEg9Y",0,Apple
181,CBoomerVazquez,Mon Oct 26 00:15:38 +0000 2020,â€œThe city of El Paso in Texas is asking residents to stay home for the next two weeks and the wider El Paso Countyâ€¦ https://t.co/1GDSMuDULS,0,Apple
182,LexoLuthoro,Mon Oct 26 00:15:38 +0000 2020,"RT @notmythirdrodeo: the 2yr old is walking around going, â€œsus, sus,â€ and I wondered what I was doing to have him question my motives.

turâ€¦",0,Apple
183,070180,Mon Oct 26 00:15:38 +0000 2020,RT @kashhill: This is a jaw-dropping paragraph. https://t.co/ix4JFLCZJe https://t.co/QFl5MXoqPY,0,Apple
184,foods_HQ,Mon Oct 26 00:15:39 +0000 2020,"RT @Food52: For one writer, this sweet, doughy treat is her Proustian madeleine, bringing back memories of smells and tastes past. https://â€¦",0,Apple
185,ultratiem,Mon Oct 26 00:15:39 +0000 2020,"Here's what I love about Apple.

You know that little 5G window on the side of the iPhone 12; that won't be there câ€¦ https://t.co/R1dMooRG9p",0,Apple
186,ilyoil,Mon Oct 26 00:15:39 +0000 2020,RT @kashhill: This is a jaw-dropping paragraph. https://t.co/ix4JFLCZJe https://t.co/QFl5MXoqPY,0,Apple
187,annestardust,Mon Oct 26 00:15:40 +0000 2020,"@EdensGardcn anne reaches up , and finds a perfect apple . she nods quietly , and drops it into the basket below .",0,Apple
188,Souvenirnotears,Mon Oct 26 00:15:41 +0000 2020,RT @SeIenaOnSpotify: BUY WOLVES ON ITUNES ğŸ˜ https://t.co/2jzEmA9XLl @fetishofsmg,0,Apple
189,MayankBadhan,Mon Oct 26 00:15:41 +0000 2020,@RjeyTech @oneplus @Apple Sandstone for the grip. Silicone for the protection.,0,Apple
190,Abdulla61644163,Mon Oct 26 00:15:41 +0000 2020,"RT @FaZeKay: Social Experiment!

Like if you are using Apple
Retweet if you are using Android",0,Apple
191,SayNoToIdolatry,Mon Oct 26 00:15:43 +0000 2020,making hot apple cider and whiskey ğŸ¤¤ #cozy,0,Apple
192,DustinOverbey,Mon Oct 26 00:15:43 +0000 2020,"""APPLE PRODUCT LAUNCH"" â€” A Bad Lip Reading https://t.co/1NkAyDxZTD via @YouTube",0,Apple
193,aye_michelle,Mon Oct 26 00:15:43 +0000 2020,"I canâ€™t even pick a favorite ğŸ¤© 
This album will definitely be in rotation 
#Niggazneedtherapy 

Go listen ğŸ§â€¦ https://t.co/7mNTeLl7yD",0,Apple
194,Chrono_McCoffe,Mon Oct 26 00:15:43 +0000 2020,RT @loonpflug: apple hand pies &amp; coffee for breakfast ğŸâ˜€ï¸ https://t.co/UduqsHpg1r,0,Apple
195,shineanyway09,Mon Oct 26 00:15:43 +0000 2020,"RT @RissiPalmer: Weâ€™ve also got music from Rufus feat. Chaka Khan, Jon Randall, and more. Listen tonight at 7pm edt on @applemusic for freeâ€¦",0,Apple
196,_deeng_,Mon Oct 26 00:15:43 +0000 2020,RT @TylerGlaiel: I wonder if apple and google realize that the main reason there's such a huge pool of programmers to pull talent from righâ€¦,0,Apple
197,chaeryzi,Mon Oct 26 00:15:44 +0000 2020,"RT @_GFRDonSpotify_: å›:Songs of the Sirens
Spotify Update â€” [10/24/20]

Apple â€” 8,861,235 (+32,946)
Eye of the Storm â€” 1,040,477 (+3,873)
Râ€¦",0,Apple
198,SupremeGldstein,Mon Oct 26 00:15:44 +0000 2020,#nowplaying Jungle (feat. Sen City &amp; Cory Gunz) by Jim Jones https://t.co/fkbxjCfGhJ,0,Apple
199,breelvee_,Mon Oct 26 00:15:10 +0000 2020,"Time For New Music! ğŸ˜©

Drop Y'all's Favorite Playlist ğŸ˜ŠğŸ™ŒğŸ½

Here's Mine ğŸ¤ª
https://t.co/xakA0DF1Oy",0,Apple
200,matchapinq,Mon Oct 26 00:15:55 +0000 2020,"RT @psychologistJ1: $50 Giving in 24 HOURS 

Just Retweet and Follow @shopping_io &amp; Myself 

Additional $5 If Winner Join TG : https://t.coâ€¦",0,Amazon
201,MikiHope,Mon Oct 26 00:15:14 +0000 2020,"RT @aharemboysaga: ""Beauty without depth is just decoration.""
UNBRIDLED https://t.co/7AGkfzT3GG is the sequel to a sensually captivating &amp;â€¦",0,Amazon
202,CoolDealCA,Mon Oct 26 00:15:09 +0000 2020,"Best Selling Deep Tissue Massage Gun for $34.49!!

 #Deal #ganga

 https://t.co/dZPpizxJwO https://t.co/HnJKZyg14k",0,Amazon
203,GoldenGirlsRu,Mon Oct 26 00:15:09 +0000 2020,@rolypolyfishead @Mr_JamesLandis @amazon I highly recommend that book and @SykesCharlie How The Right Lost Its Mind.,0,Amazon
204,deallrr,Mon Oct 26 00:15:11 +0000 2020,"WILL SELL OUTT!

HyperX Cloud Stinger for $29, retail $50!

https://t.co/6XMsXcbTwn https://t.co/nD88NZE35c",0,Amazon
205,EichinChangLim,Mon Oct 26 00:15:11 +0000 2020,"ğŸ€ğŸ’ğŸŒ¹ğŸ€ğŸ’ğŸŒ¹ğŸ€ğŸ’ğŸŒ¹

#LoveStory #Romance

ğŸ”¥â€An emotionally charged 
romance.â€

Love: A Tangled Knot 
âºâ€¦ https://t.co/3qEcwzPf6A",0,Amazon
206,mummy_of_7_kids,Mon Oct 26 00:15:12 +0000 2020,"RT @WeAreMarmalade: We're giving away a Â£20 Amazon gift cardğŸ  To be in with a chance of winning all you've got to do is... 
ğŸš˜ Like this poâ€¦",0,Amazon
207,22Words,Mon Oct 26 00:15:12 +0000 2020,37 Clothes I Love Currently Under $25 on Amazon https://t.co/EkGBg8hvNE,0,Amazon
208,roylmurry425,Mon Oct 26 00:15:13 +0000 2020,"Nicole French, 

LEGALLY YOURS 

Romance, book review, video https://t.co/pkbyMpTqgI via YouTube writtenâ€¦ https://t.co/ZgHzb6LNqk",0,Amazon
209,zlabiz,Mon Oct 26 00:15:13 +0000 2020,Garmin smartwatches are on sale at all-time low prices at Amazon â€“ Engadget,0,Amazon
210,Skydropltd,Mon Oct 26 00:15:13 +0000 2020,"RT @URDailyHistory: 25 Oct 1964: The Rolling Stones appear on the Ed Sullivan Show for the first time, as the #British music #invasion of tâ€¦",0,Amazon
211,laurenjean23,Mon Oct 26 00:15:13 +0000 2020,"RT @WeAreMarmalade: We're giving away a Â£20 Amazon gift cardğŸ  To be in with a chance of winning all you've got to do is... 
ğŸš˜ Like this poâ€¦",0,Amazon
212,alphasystech,Mon Oct 26 00:15:14 +0000 2020,RT @RaelleLogan1: Wild and Wicked... Pirates #romance #books #book #RomanceBooks #historicalromance #Readers #coffeetime #weekendreads #stoâ€¦,0,Amazon
213,GreatBigRadio,Mon Oct 26 00:15:54 +0000 2020,"Right now, GBR is playing Cry Me A River by Joe Cocker AND YOU'RE MISSING IT? Tap here: https://t.co/AoQ3gCXnwv andâ€¦ https://t.co/hpKUijHF9q",0,Amazon
214,tdg_bnb,Mon Oct 26 00:15:15 +0000 2020,RT @SelfPubShowcase: Morgan's visions of another world awaken her to the realisation that she has abilities others do not possess. https://â€¦,0,Amazon
215,JoeEliseon,Mon Oct 26 00:15:15 +0000 2020,"SNARKEY &amp; PUTTS 2: THE GHASTLY GHOSTWRITER Excerpt 11: Can Putts wrap the case up?
Buy Joe Eliseon's paranormalâ€¦ https://t.co/sZUxXUUowe",0,Amazon
216,JohnRosePutnam,Mon Oct 26 00:15:16 +0000 2020,"RT @chariss_walker: https://t.co/JsJd0kT0KW â€¦ #dystopian #postapocalyptic 
Is there any hope?
â€¢The wealthiest residents have fled.
â€¢An unprâ€¦",0,Amazon
217,firecracker_swt,Mon Oct 26 00:15:16 +0000 2020,"RT @karibu_draws: Amazonâœ¨

Colours by @John_Rauch 
Pencil and ink by me https://t.co/37Ckng0uVt",0,Amazon
218,fabihaaskari,Mon Oct 26 00:15:17 +0000 2020,"RT @allontheboard: Wherever you are in the world right now, despite whatâ€™s going on we hope that youâ€™re alright. @allontheboard 

#GoodMornâ€¦",0,Amazon
219,kassshhhh__,Mon Oct 26 00:15:18 +0000 2020,"I don't mess with nobody. I go to work, spend money on Amazon and go home ğŸ˜‚ğŸ˜‚",0,Amazon
220,BillKouts1,Mon Oct 26 00:15:18 +0000 2020,"RT @URDailyHistory: 25 Oct 1964: The Rolling Stones appear on the Ed Sullivan Show for the first time, as the #British music #invasion of tâ€¦",0,Amazon
221,_garudugh,Mon Oct 26 00:15:21 +0000 2020,"RT @NotDecka: I will give $50 to ONE lucky Twitch ""SUBSCRIBER"" (which costs $4.99 USD) on November 1st VIA a wheel spin. Yes, Amazon Primeâ€¦",0,Amazon
222,charlotte_oshay,Mon Oct 26 00:15:23 +0000 2020,RT @MarilynBaron: You have till Oct. 31 to enter to win Amazon and Barnes&amp;Noble Gift Certificates. My novel Sixth Sense is a Trick or Treatâ€¦,0,Amazon
223,jgmacleodauthor,Mon Oct 26 00:15:25 +0000 2020,"RT @GabrielConstans: #Film THE LAST CONCEPTION 
@PicturesPoison @HighOctanePics
Staring #NazaninMandi &amp; @CallieSchuttera

ğŸ’ Savarna Sikand'â€¦",0,Amazon
224,JennyHinsman1,Mon Oct 26 00:15:09 +0000 2020,"RT @UviPoznansky: Via ""@VashtiQV
The Fall of Lilith (Fantasy Angels Series)  
https://t.co/W0jdm9A0Vd  High Fantasy | Dark Fiction (18+) 
#â€¦",0,Amazon
225,CoolDealCA,Mon Oct 26 00:15:08 +0000 2020,"ğŸ’µğŸ’° 

Star Projector Lights with Mini Disco Light, $13.99!
*USB Plugin

 #Deal #ganga

 https://t.co/jvilwhmzme https://t.co/uHG9JmF8qn",0,Amazon
226,RaelleLogan1,Mon Oct 26 00:15:08 +0000 2020,Wild and Wicked... Pirates #romance #books #book #RomanceBooks #historicalromance #Readers #coffeetimeâ€¦ https://t.co/joOnP0WQCO,0,Amazon
227,cherrymischivus,Mon Oct 26 00:15:08 +0000 2020,"RT @DominicPiper1: Kiss Me When I'm Dead. Dominic Piper.
""Highly entertaining, fast-paced and satisfying, with masterful twists and turns.""â€¦",0,Amazon
228,IndieBookButler,Mon Oct 26 00:15:02 +0000 2020,"If you like stunning revelations, deep state conspiracies, and a touch of #romance, then youÂ’ll love Jeffrey Mechliâ€¦ https://t.co/RgruDarJ9W",0,Amazon
229,KenyaWrightBook,Mon Oct 26 00:15:02 +0000 2020,RT @KenyaWrightBook: Lunchtime Chronicles: Honey Dripper by L. Loren https://t.co/aWTL6dOzRq via @amazon,0,Amazon
230,SelfPubShowcase,Mon Oct 26 00:15:02 +0000 2020,"Lady Sarah finds Captain Paul Marchand, the Provost Marshal sent to arrest Mr O'Riley as a deserter, an attractiveâ€¦ https://t.co/4wR3yV730J",0,Amazon
231,StealsandDeals,Mon Oct 26 00:15:03 +0000 2020,"Nabisco Classic Mix Variety Pack (20 count)
 
ONLY $6.63 https://t.co/mLmCXC2lay

#steals #deals #stealsanddealsâ€¦ https://t.co/6aoFDb6lJQ",0,Amazon
232,veirams,Mon Oct 26 00:15:03 +0000 2020,@ Amazon sellers: if Iâ€™m gonna leave a review itâ€™s gotta come from the heart (unless you pay me). youâ€™re not gonnaâ€¦ https://t.co/r4idjuTedu,0,Amazon
233,StealsBySwell,Mon Oct 26 00:15:03 +0000 2020,"Best Selling Deep Tissue Massage Gun for $34.49!!

https://t.co/dw7XO3RoPC https://t.co/0Co29MNqkH",0,Amazon
234,StealsBySwell,Mon Oct 26 00:15:03 +0000 2020,"EVERY AMAZON COUPON ğŸš¨

https://t.co/Nacpm7hodn 

#freebies #deals #deal #moneysaver #greatdeal #steals #discountâ€¦ https://t.co/SZAytu3ij4",0,Amazon
235,M_Garner_Author,Mon Oct 26 00:15:03 +0000 2020,"ğŸ’²Amazon #GiftCard #Giveaway ğŸ“šDiscover new authors 
https://t.co/h813Jho76U

#free #win #giftcards #giveawaysâ€¦ https://t.co/ZqGN9GI8uQ",0,Amazon
236,jastorey,Mon Oct 26 00:15:03 +0000 2020,"Who wants to live forever?

Pick up this heart-stopping YA/#SciFi tale now - VITA AETERNA : https://t.co/1Ps0vgZ3DDâ€¦ https://t.co/rarlZ5h6GG",0,Amazon
237,AndrewHarding4,Mon Oct 26 00:15:03 +0000 2020,"34.) ~ SPIRIT ~ Bk1 ~ THE SPIRIT TRILOGY ~ 
~  READ ALL 3 Bks ~ FREE ~ ON AMAZON'S UNLIMITED.
~ #VAMPIRES  SPAWN REâ€¦ https://t.co/5Vf3t2pCss",0,Amazon
238,Almightyrum,Mon Oct 26 00:15:04 +0000 2020,"RT @_trader_hoes: Former employee here! The Strand's owner laid off union employees after receiving millions in PPP loans, spent hundreds oâ€¦",0,Amazon
239,RebeccaAiries,Mon Oct 26 00:15:04 +0000 2020,That dragon was all predator at the moment and she was his prey. Find out more in Meagan's Choice #pnrâ€¦ https://t.co/TLeYFDmrsn,0,Amazon
240,MasqCrew,Mon Oct 26 00:15:04 +0000 2020,"RT @MasqCrew: What happens if you refuse to let even one door go unknocked? 

The night becomes more trick than treat very quickly, I assurâ€¦",0,Amazon
241,kornpuff1502,Mon Oct 26 00:15:04 +0000 2020,"hey classic rock friends! if you havenâ€™t already, check out the movie Almost Famous! i promise youâ€™ll love it! andâ€¦ https://t.co/Wvf1Qoq93n",0,Amazon
242,EvansIPLaw,Mon Oct 26 00:15:05 +0000 2020,"To combat counterfeits sold on its platform,Â eBay will start authenticating shoes listed for over $100. This is anâ€¦ https://t.co/q5Vso2S8ia",0,Amazon
243,kamalaharris420,Mon Oct 26 00:15:05 +0000 2020,PLEASE ğŸ˜­ this is how much it costs on amazon https://t.co/P3Da3xAtD8,0,Amazon
244,thankuneeext,Mon Oct 26 00:15:05 +0000 2020,"RT @ArianaWorldHQ: iTunes â€” https://t.co/eKUZMmCjpZ
Spotify â€” https://t.co/fsrZSoYmpu
Amazon â€” https://t.co/NKhldaH8EO
Apple Music â€” https:â€¦",0,Amazon
245,rdodev,Mon Oct 26 00:15:05 +0000 2020,@da5is Much to my surprise Amazon Basic ones are amazing and soooo soft and comfortable. Definitely recommend them.,0,Amazon
246,SciFiRoom,Mon Oct 26 00:15:06 +0000 2020,"RT @JDaltontheGates: #WritingCommunity #WritersCafe #IndieAuthors #amreading 

The 1st book in my #Scifi series,

""The Gates to the Galaxieâ€¦",0,Amazon
247,kaenails,Mon Oct 26 00:15:07 +0000 2020,I mean Amazon ğŸ¤¦ğŸ¾â€â™€ï¸,0,Amazon
248,pluggrr,Mon Oct 26 00:15:07 +0000 2020,"MISTAKE!!!

Queen Comforter for $25!!!!!

Save 55% with promo code 556EUBR3

https://t.co/oQHbqonXS1 https://t.co/K268yTNBMP",0,Amazon
249,cherrymischivus,Mon Oct 26 00:15:25 +0000 2020,"RT @bmperrin: ""I give this an unequivocal five stars!""
""Intelligent science fiction at its best""

Buy: https://t.co/GHkRkxclfL
Read: https:â€¦",0,Amazon
250,JohnRosePutnam,Mon Oct 26 00:15:26 +0000 2020,"RT @chariss_walker: The Vision Chronicles â€“ read one at a time or get the boxed set:
https://t.co/iNC4Wrr7rY
https://t.co/RkZPClMUz2

Mike'â€¦",0,Amazon
251,VidzNe,Mon Oct 26 00:15:26 +0000 2020,@BinniJigyasa @IAF_MCC @Suryakiran_IAF @Nambitiger1 @arunp2810 @Chopsyturvey @amulkapoor @BadhechaloIndia Looking fâ€¦ https://t.co/iygAnJlela,0,Amazon
252,MarthaD36385047,Mon Oct 26 00:15:45 +0000 2020,I am so grateful for all your help! These blocks make an awesome gift! @twosmartbunnies  thank you also for these tâ€¦ https://t.co/mvR19N9pVp,0,Amazon
253,bernardfoong,Mon Oct 26 00:15:47 +0000 2020,"RT @bmperrin: ""I give this an unequivocal five stars!""
""Intelligent science fiction at its best""

Buy: https://t.co/GHkRkxclfL
Read: https:â€¦",0,Amazon
254,avidreader38,Mon Oct 26 00:15:47 +0000 2020,"RT @NR_Walker: ğŸ’œ ğŸ–¤   ğ—”ğ—–ğ—˜ ğ—ªğ—˜ğ—˜ğ— ğ—¦ğ—£ğ—˜ğ—–ğ—œğ—”ğ—Ÿ ğŸ’œ ğŸ–¤ 
Upside Down is just 99c for a short time only!!
Amazon: https://t.co/86BkqLCGjT
#KU #AceWeek #Asâ€¦",0,Amazon
255,Surya29011996,Mon Oct 26 00:15:48 +0000 2020,RT @the_hindu: #Amazon on Sunday won an interim award against its partner #Futuregroup selling retail business to #Reliance Industries Ltdâ€¦,0,Amazon
256,getsmashedradio,Mon Oct 26 00:15:48 +0000 2020,The EDGE Now: New Year's Day by @U2 on @getsmashedradio #getsmashedradio #marysville #theedgeâ€¦ https://t.co/LxdKXWsybV,0,Amazon
257,stella3190,Mon Oct 26 00:15:49 +0000 2020,"RT @JungkookCharts2: Best Selling International songs in Amazon USA ğŸ‡ºğŸ‡¸ 

#1 Your Eyes Tell
#4 My Time
#10 Euphoria 

@BTS_twt https://t.co/â€¦",0,Amazon
258,NetZ108,Mon Oct 26 00:15:50 +0000 2020,"#AlltheArtist Still Sleeping by @JaiWolfx #NowPlaying
 Buy song https://t.co/WVfsyD7d5H https://t.co/FW5pjw2YiL",0,Amazon
259,EichinChangLim,Mon Oct 26 00:15:50 +0000 2020,"ğŸ€ğŸ’ğŸŒ¹ğŸ€ğŸ’ğŸŒ¹ğŸ€ğŸ’ğŸŒ¹

#LoveStory #Romance

ğŸ”¥â€An emotionally charged 
romance.â€

Love: A Tangled Knot 
âºâ€¦ https://t.co/FDPDnarDcT",0,Amazon
260,MikeLiebegott,Mon Oct 26 00:15:50 +0000 2020,"@ThatKidRixh @basicincomecdn @AndrewYang Unfortunately, it doesn't work. CEO A automates, his prices dip below CEOâ€¦ https://t.co/2g3yVsMwX7",0,Amazon
261,CatfishKelsey,Mon Oct 26 00:15:50 +0000 2020,"PayPal, Amazon GC US/FR, Crypto, Kofi
Links in my bio &amp; DMs, Approach.

catfishaddict 
catfishgoddess catfishkinkâ€¦ https://t.co/5cPSbfLxKn",0,Amazon
262,ExpoDesigns1,Mon Oct 26 00:15:50 +0000 2020,TRUMP 2020 HANGING CAR AIR FRESHENERS @ AMAZON https://t.co/jJL13RnSD1,0,Amazon
263,Swurve5,Mon Oct 26 00:15:51 +0000 2020,Into A Believer - Beeda Weeda &amp; Swurve https://t.co/Z8k5GNGQwS via @AmazonUK @amazonmusic @EMPIRE @GTDigitalDISTâ€¦ https://t.co/I8qqhvNtU2,0,Amazon
264,thesophiepaige,Mon Oct 26 00:15:51 +0000 2020,@BabaGroovy Forgot to add. Itâ€™s a documentary on Amazon Prime and itâ€™s really good.,0,Amazon
265,AuBadge,Mon Oct 26 00:15:51 +0000 2020,Take My Breath Away (Love Theme From Top Gun) by Berlinâ€¦ https://t.co/NLvjazQqze,0,Amazon
266,npflashalt,Mon Oct 26 00:15:52 +0000 2020,#NowPlaying:  U2 - Sweetest Thing - Best of 1980-1990/B-Sides (2 of 2) @U2 - #ListenNow at https://t.co/mbOqJGJWi5.â€¦ https://t.co/I7z6v1Fc5k,0,Amazon
267,BlackoutLilyx,Mon Oct 26 00:15:52 +0000 2020,"Check out Cyberwar by Seven on Amazon Music
https://t.co/NEAnPwkhAi",0,Amazon
268,Putrixx30,Mon Oct 26 00:15:52 +0000 2020,"RT @psychologistJ1: $50 Giving in 24 HOURS 

Just Retweet and Follow @shopping_io &amp; Myself 

Additional $5 If Winner Join TG : https://t.coâ€¦",0,Amazon
269,DJ_MIZERY,Mon Oct 26 00:15:52 +0000 2020,"Now Playing Let Me See You Wiggle by Frank Mckinney Listen on tunein app Sho Off Radio #shooffradio
 Buy songâ€¦ https://t.co/wenk9bYcfg",0,Amazon
270,tjbrew06,Mon Oct 26 00:15:53 +0000 2020,THE PLOT AGAINST THE PRESIDENT on AMAZON is a must see. #AmericaFirst,0,Amazon
271,jdeigs77,Mon Oct 26 00:15:53 +0000 2020,"Always read reviews before buying ppl*

*esp on amazon https://t.co/Jq3h11yEwz",0,Amazon
272,AlyssaJ0120,Mon Oct 26 00:15:54 +0000 2020,If youâ€™d shoot your thick loads all over my pretty whore face and big perky juicy titties.. Dm me don't be shy im hâ€¦ https://t.co/V4y8U4np8I,0,Amazon
273,IARTG,Mon Oct 26 00:15:54 +0000 2020,"RT @bmperrin: ""I give this an unequivocal five stars!""
""Intelligent science fiction at its best""

Buy: https://t.co/GHkRkxclfL
Read: https:â€¦",0,Amazon
274,BucknallJoseph,Mon Oct 26 00:15:46 +0000 2020,"@jlrothstein1 Hi jlrothstein! Happy Sunday!

Sixteen And Change
https://t.co/tsHNqLTSSS
""I love, love, love the twiâ€¦ https://t.co/3Cp7NAfeOe",0,Amazon
275,bungobot1,Mon Oct 26 00:15:45 +0000 2020,RT @DD_FaFa_: Innovating for People Handbook of Human-Centered Design Methods https://t.co/yjWigy14J5 #Innovation,0,Amazon
276,JeanDuchaine,Mon Oct 26 00:15:27 +0000 2020,"@OmniTalk @takeofftech @getyour10000
The conclusions seem correct but are biased because of looking through one angâ€¦ https://t.co/6K1qeD5P2h",0,Amazon
277,swaqqboyyTO,Mon Oct 26 00:15:45 +0000 2020,@llcoolju Thunderfit silicone band Amazon bro,0,Amazon
278,KathAndDrew1,Mon Oct 26 00:15:28 +0000 2020,"Kath and Drew- Church Without Borders 
#newepisode #ListenNow
#podcast #podcasts

Election 2020 and Calling Amazonâ€¦ https://t.co/LxW81x8U0T",0,Amazon
279,1GoodVibez1,Mon Oct 26 00:15:29 +0000 2020,Why is the $25 Roblox Gift card out of stock at Amazon-,0,Amazon
280,ClarissaJeanneM,Mon Oct 26 00:15:29 +0000 2020,"â€œIf you or anyone you know likes a good read AND #Hallmark #Christmas movies, this is the book for you.â€-Amazon Revâ€¦ https://t.co/kJWMZOoZBU",0,Amazon
281,MentalHRetweet,Mon Oct 26 00:15:30 +0000 2020,"RT @EichinChangLim: ğŸ’ğŸŒ¸ğŸ’ğŸŒ¸ğŸ’ğŸŒ¸ğŸ’

â™¥ï¸ THE LOVELOCK ğŸ—

âºï¸https://t.co/72Jl0ap8eR
â¡ï¸https://t.co/l6FTPV7QCh
#LoveStory
#RRBC
#WritingCommunity
#Româ€¦",0,Amazon
282,kanitthasCrafts,Mon Oct 26 00:15:30 +0000 2020,RT @BooksByJJHughes: https://t.co/h8XOiL6Tu1 Storm Riders â€“ a special type of angel. His life ends while protecting a woman. Can Phillip stâ€¦,0,Amazon
283,philp_styles,Mon Oct 26 00:15:31 +0000 2020,"RT @boemcl: not amazon coming in with the ""well done hehe ğŸ˜‡"" as if jeff bezos isnt the worst cunt",0,Amazon
284,Uniongal414,Mon Oct 26 00:15:32 +0000 2020,"RT @athenaforall: Will Amazon give 600,000 workers the ability to vote?

The nationâ€™s biggest private employer, Walmart, has committed to pâ€¦",0,Amazon
285,Jbenban1,Mon Oct 26 00:15:33 +0000 2020,"RT @shopping_io: @Tronfoundation Now You Can Buy All Amazon, eBay, and Walmart items via $TRX on https://t.co/WAhDgOT5KJ @justinsuntron httâ€¦",0,Amazon
286,ByJasonFoster,Mon Oct 26 00:15:34 +0000 2020,@MVanTryon If youâ€™re a huge nerd like me: https://t.co/5SbOhC39zN,0,Amazon
287,OvertimedealsUK,Mon Oct 26 00:15:34 +0000 2020,"ğŸ“¢ [Amazon UK] 

New Low â¬‡ LEGO City 60243 Police Helicopter Chase NOW Â£22

 https://t.co/DoqrrHNoTs

New Low â¬‡ LEGOâ€¦ https://t.co/Zwg5JNPIG3",0,Amazon
288,AmazonHelp,Mon Oct 26 00:15:34 +0000 2020,@alyssaroseee8 Hello! We're sorry to hear that your Prime Student account has ended. If you're interested in openinâ€¦ https://t.co/HtJ0qzLgeJ,0,Amazon
289,EichinChangLim,Mon Oct 26 00:15:35 +0000 2020,"ğŸ€ğŸ’ğŸŒ¹ğŸ€ğŸ’ğŸŒ¹ğŸ€ğŸ’ğŸŒ¹

#LoveStory #Romance

ğŸ”¥â€An emotionally charged 
romance.â€

Love: A Tangled Knot 
âºâ€¦ https://t.co/PnnmrZjrRz",0,Amazon
290,RodolpheLG,Mon Oct 26 00:15:39 +0000 2020,@guardian Will they shut down amazon purchases too ?????,0,Amazon
291,jgmacleodauthor,Mon Oct 26 00:15:40 +0000 2020,"RT @TudorTweep: New Release!

October 1537
At her moment of greatest glory, a Queen of England lies dying

Through the fug of fever, Jane Sâ€¦",0,Amazon
292,cherrymischivus,Mon Oct 26 00:15:41 +0000 2020,"RT @MainChannel_: Children will delight in the colorful, detailed illustrations &amp;   laugh as people flee in fear from the gentle &amp; kind zomâ€¦",0,Amazon
293,JohnRosePutnam,Mon Oct 26 00:15:42 +0000 2020,"RT @SusanneLeist: Each book on sale for #99cents
for Halloween.
Enjoy a creepy good time.

THE DEAD GAME SERIES
@SusanneLeist

https://t.coâ€¦",0,Amazon
294,bungobot1,Mon Oct 26 00:15:42 +0000 2020,RT @DD_Serena_: Flow: The Psychology of Optimal Experience (Harper Perennial Modern Classics) https://t.co/mwa5xjyRM4 #Psychology,0,Amazon
295,AcostasMic,Mon Oct 26 00:15:42 +0000 2020,"Watch This:
@PATPmovie
#ThePlotAgainstThePresident
https://t.co/IB78fr5JTQ",0,Amazon
296,lilian3roberts,Mon Oct 26 00:15:43 +0000 2020,https://t.co/6sbd1PJEij â€œWAVES OF PASSION â€ A short romance novella for adults Lindsey's heartbreaking separation lâ€¦ https://t.co/xDpTAx52Na,0,Amazon
297,dblackal,Mon Oct 26 00:15:43 +0000 2020,"RT @Public_Citizen: Jeff Bezos' wealth soared past $200,000,000,000 while Amazon raised prices on essential products by up to 1,000% duringâ€¦",0,Amazon
298,tom_mindseye,Mon Oct 26 00:15:44 +0000 2020,"RT @birdwriter7: #New on #Kindle and #KindleUnilimited #fairytale #Christmassy #kidsbooks 

The Girl in The Red Cape: A Mystical Sled Rideâ€¦",0,Amazon
299,overtimedeals,Mon Oct 26 00:15:02 +0000 2020,"STEAL! 

Star Projector Lights with Mini Disco Light, $13.99!
*USB Plugin

https://t.co/NzgkOjdlS0 https://t.co/btOvbjSuxD",0,Amazon
300,drjanaway,Mon Oct 26 00:15:06 +0000 2020,If 2020 was a film it would be a Netflix Adam Sandler original.,2,Netflix
301,4realevelin,Mon Oct 26 00:15:57 +0000 2020,RT @TROYCETV: I have been fasting for 24 hours (havenâ€™t eaten anything) and I have been drinking lots of water all day .I feel soo much betâ€¦,0,Netflix
302,Rigmarolefilm,Mon Oct 26 00:14:45 +0000 2020,"RT @Rigmarolefilm: Has there  ever been a movie you wanted to watch 

but you just didnâ€™t want to pay for it ? 

#indiefilm #film #filmmakeâ€¦",0,Netflix
303,KeithBa24613451,Mon Oct 26 00:14:30 +0000 2020,"So Netflix took a hit when they released cuties , so why not amazon because whatâ€™s happening in Wales with non esseâ€¦ https://t.co/je6lozYRoH",0,Netflix
304,camilepremium,Mon Oct 26 00:14:30 +0000 2020,"AVAILABLEâ€¼ï¸

NETFLIX SHARED https://t.co/EixHBkMs8i",0,Netflix
305,cheesycornyme,Mon Oct 26 00:14:32 +0000 2020,"RT @merrillteaches: Can I have your Netflix crime documentary recommendations please? Have seen Making a Murderer, The Keepers, American muâ€¦",0,Netflix
306,cafeconlethe,Mon Oct 26 00:14:34 +0000 2020,"watching a show on netflix called ""stranger things"". can you believe this shit",0,Netflix
307,imverrah,Mon Oct 26 00:14:34 +0000 2020,"RT @menggalurks: Behind-the-scenes during one of their sign language classes! Mara este Maine is so kyot ğŸ§ğŸ»â€â™€ï¸

Watch Isa Pa With Feelingsâ€¦",0,Netflix
308,billyclace,Mon Oct 26 00:14:35 +0000 2020,"RT @clace_heart: Found another adorable picture of #claryfray @Kat_McNamara â™¡â™¥ï¸â™¡ 
#SaveShadowhunters #Shadowhunters 
BRING BACK SHADOWHUNTEâ€¦",0,Netflix
309,martinofj,Mon Oct 26 00:14:36 +0000 2020,"If you havenâ€™t done so already, you need to watch The Super Mario Bros Super Show on Netflix. 1989 at its finest!!",0,Netflix
310,mang387127034,Mon Oct 26 00:14:36 +0000 2020,RT @jje0ng_2: âš¡ï¸â€œNETFLIX 2PM ver.â€ https://t.co/JanC7v5lMu,0,Netflix
311,jennamalofeyy,Mon Oct 26 00:14:43 +0000 2020,@SwiftSteph @netflix Weâ€™re so 1000% right they should really hire us ğŸ’…ğŸ¼ğŸ’…ğŸ¼,0,Netflix
312,cammyohcammy,Mon Oct 26 00:14:44 +0000 2020,i finally got the guts to watch The Social Dilemma on netflix and it gave me the exact reaction i was expecting. ooâ€¦ https://t.co/LIvKQ2M6dB,0,Netflix
313,chewey_lewey,Mon Oct 26 00:14:45 +0000 2020,"RT @PubMerchant: Netflix: Are you still watching?

Someoneâ€™s daughter: https://t.co/Q9Ee7qVhZJ",0,Netflix
314,donkisslifetime,Mon Oct 26 00:14:59 +0000 2020,"RT @outletcreatif: fantastica will be on netflix next month and hello, love, goodbye in decemberğŸ¥ºğŸ˜­",0,Netflix
315,OliBekeee,Mon Oct 26 00:14:47 +0000 2020,@BighomieJargo Stop watching 305 and go to Netflix jor,0,Netflix
316,HustleBunny11,Mon Oct 26 00:14:49 +0000 2020,This is me rn perusing through Netflix lmao https://t.co/UNuVcSnMWj,0,Netflix
317,KlamiEndGame,Mon Oct 26 00:14:50 +0000 2020,Dont ghost us @Netflix please annonce that you have renew Julie &amp; The Phantoms for a season 2!!!!â€¦ https://t.co/1DgWaWN6dP,0,Netflix
318,vscoclown,Mon Oct 26 00:14:53 +0000 2020,RT @minalisconfused: if we donâ€™t get a kaz scene like this i will destroy netflix headquarters with my bare hands https://t.co/fDFbvjpeE5,0,Netflix
319,leg1tseller,Mon Oct 26 00:14:54 +0000 2020,"3 MONTHS NETFLIX SHARED
 ğŸ·P170 gcash

â€”1 profile = 1 device
â€” gc method; no hold/wipe
â€” legally paid ğŸ’¯
â—with accounâ€¦ https://t.co/BjleMTxopG",0,Netflix
320,kaenails,Mon Oct 26 00:14:54 +0000 2020,Anybody ever watched McGraw Avenue on Netflix ?,0,Netflix
321,leg1tseller,Mon Oct 26 00:14:54 +0000 2020,murang netflix premium account netflix seller affordable cheap pabili mura lf netflix 3 months available shared nagâ€¦ https://t.co/x4IArNJQWa,0,Netflix
322,Scoobywonton,Mon Oct 26 00:14:57 +0000 2020,"RT @jonlionfineart2: Finally finished my drawing this morning!

Who is SUPER PSYCHED for Sarahâ€™s @netflix show, â€œEverythingâ€™s Fineâ€!?

Comeâ€¦",0,Netflix
323,nonbirimelody,Mon Oct 26 00:14:58 +0000 2020,Wait hold up if I don't have wifi does that mean I can't netflix &amp; work out todayğŸ˜­ğŸ˜­,0,Netflix
324,NazliPetrin1988,Mon Oct 26 00:14:28 +0000 2020,RT @Alara00850305: @netflixturkiye #BayYanliÅŸ is the best thing happened in 2020. Weâ€™re eagerly awaiting for the 2nd seasonğŸ™ @netflix @globâ€¦,0,Netflix
325,IngridMfloreess,Mon Oct 26 00:14:27 +0000 2020,quiero netflix and chill yaaaaaaa,0,Netflix
326,Nora_Shanahan,Mon Oct 26 00:14:27 +0000 2020,"Pride &amp; Prejudice has returned to Netflix, so when iâ€™m channeling a victorian aesthetic for the next week you know why",0,Netflix
327,premiumsbodega,Mon Oct 26 00:14:27 +0000 2020,"Good morning. Open na po akoğŸ˜Š

Available offers:
ğŸ’µ150 pesos= Netflix 3 months 20 Days  shared
ğŸ’µ65 pesos = Netflix 1â€¦ https://t.co/CAEP0DDLb1",0,Netflix
328,___taylormade,Mon Oct 26 00:14:02 +0000 2020,Hookah &amp; Netflix type of night!,0,Netflix
329,billyclace,Mon Oct 26 00:14:02 +0000 2020,RT @clace_heart: Made my firt edit ! It really was about time. â™¡â™¥ï¸â™¡ #SaveShadowhunters #Shadowhunters BRING BACK SHADOWHUNTERS!!! @netflixâ€¦,0,Netflix
330,geeblaster,Mon Oct 26 00:14:04 +0000 2020,can anyone with the Netflix app on their phone tell me if it still has the speedometer playback-adjustment feature?,0,Netflix
331,momma_preneur,Mon Oct 26 00:14:04 +0000 2020,Ayeee young Schitt$ Creek on Netflix funny asf,0,Netflix
332,billyclace,Mon Oct 26 00:14:06 +0000 2020,RT @BanewoodMeg: @clace_heart @netflix @hulu @FreeformTV @ConstantinFilm @NetflixLifee @HBOGOhelp @HBO @NetflixES @Kat_McNamara @Shadowhuntâ€¦,0,Netflix
333,MeeganReadCBC,Mon Oct 26 00:14:06 +0000 2020,"RT @ambermac: Looks like $600M was only a 1 year license! '#Apple, #Netflix and other streaming services explored the possibility of acquirâ€¦",0,Netflix
334,daynke_,Mon Oct 26 00:14:07 +0000 2020,RT @tjs121695: My brain is mush so I decided to watch that new animated movie on Netflix called Over the Moon and I SOBBED THROUGH THE WHOLâ€¦,0,Netflix
335,issachoise,Mon Oct 26 00:14:08 +0000 2020,@netflix can yâ€™all just let the original writers have the creative freedom with avatar???? Please,0,Netflix
336,ericpilcher,Mon Oct 26 00:14:09 +0000 2020,"RT @netflix: When Moira Rose pronounces a word, the word is forever changed

(Bask upon on Schitt's Creek for supplemental demonstrations oâ€¦",0,Netflix
337,wallsinmyheartt,Mon Oct 26 00:14:10 +0000 2020,RT @stillxmind: â€“Harry Styles and some of his shows as a Netflix series https://t.co/6zdBH4U5Jo,0,Netflix
338,billyclace,Mon Oct 26 00:14:11 +0000 2020,RT @clace_heart: @BanewoodMeg @netflix @hulu @FreeformTV @ConstantinFilm @NetflixLifee @HBOGOhelp @HBO @NetflixES @Kat_McNamara @Shadowhuntâ€¦,0,Netflix
339,penguinarashi,Mon Oct 26 00:14:13 +0000 2020,"@z_grist a true crime

rest in peace mega mind on netflix
 ( Í¡,Â° ÍœÊ– Í¡,Â°)ğŸ’ğŸª¦ğŸ’",0,Netflix
340,iismiz,Mon Oct 26 00:14:13 +0000 2020,"@SISPET35 @Almeida05Dani @idkmackk Homecoming is a live album, the Netflix special didnâ€™t flop at all not everybodyâ€¦ https://t.co/HOA9MSJtbM",0,Netflix
341,billyclace,Mon Oct 26 00:14:13 +0000 2020,RT @clace_heart: @billyclace @netflix @hulu @FreeformTV @ConstantinFilm @NetflixLifee @HBOGOhelp @HBO @NetflixES @Kat_McNamara @Shadowhunteâ€¦,0,Netflix
342,Sokos6,Mon Oct 26 00:14:16 +0000 2020,Maybe itâ€™s because Iâ€™m a huge chess nerd...but The Queenâ€™s Gambit is ğŸ”¥ğŸ”¥ğŸ”¥ #QueensGambit  @netflix #sundayfundayâ€¦ https://t.co/zCJeGhqBKA,0,Netflix
343,_iam_no1,Mon Oct 26 00:14:19 +0000 2020,"RT @preshgaza: If youâ€™re all about breaking the toxic cycles of culture and religion, youâ€™d enjoy these shows on Netflix 

1. Unorthodox (Hâ€¦",0,Netflix
344,fake_hbic,Mon Oct 26 00:14:20 +0000 2020,RT @TROYCETV: I have been fasting for 24 hours (havenâ€™t eaten anything) and I have been drinking lots of water all day .I feel soo much betâ€¦,0,Netflix
345,DoroBuccii,Mon Oct 26 00:14:20 +0000 2020,@netflix give us a season 2 army pleaseeeeeeeeeeeeeeee,0,Netflix
346,_xaliyahh,Mon Oct 26 00:14:22 +0000 2020,I started some crazy ass show yâ€™all @Netflix get me every time,0,Netflix
347,angieslife,Mon Oct 26 00:14:22 +0000 2020,"@jonlionfineart2 @netflix @sarahcpr IT IS SO GREAT!!!!
@mmpadellan @NicolleDWallace @TheRickWilson @SteveSchmidtSESâ€¦ https://t.co/0hdolF6TPP",0,Netflix
348,RaOldguy,Mon Oct 26 00:14:24 +0000 2020,"Netflix, comedy/ love story or drama murder mystery?",0,Netflix
349,KeiSays,Mon Oct 26 00:14:59 +0000 2020,@durandbernarr @netflix @hulu @PrimeVideo @AppleTV @BravoTV @Roku Do you see this? Iâ€™d subscribe for this content!,0,Netflix
350,FFIIIINNN,Mon Oct 26 00:15:00 +0000 2020,RT @catrasmile: reminder to PLEASE watch â€˜Over The Moonâ€™ on netflix!! https://t.co/J3tm1Alov9,0,Netflix
351,MartensDeb,Mon Oct 26 00:15:56 +0000 2020,"@TeamTrump @realDonaldTrump Joe Biden's Ad Campaigns are amazing.
So many of them.
Even on Hulu &amp; Netflix. https://t.co/B48ATt4xhO",0,Netflix
352,HeartOfGold414,Mon Oct 26 00:15:27 +0000 2020,Fs Finna Roll Up w. A Side Of DND &amp; Netflix When I Get Back,0,Netflix
353,reniellaprems,Mon Oct 26 00:15:28 +0000 2020,spotify and netflix for sale!!! #reniellaLegit https://t.co/9PKQa5VRpy,0,Netflix
354,aldarapfdez,Mon Oct 26 00:15:29 +0000 2020,"RT @MileyUpdates: Thinking of how iconic would be a Miley doc on Netflix..so many stuff of her life to be included, Disney boycotting CBT aâ€¦",0,Netflix
355,REDHEAD_Missy,Mon Oct 26 00:15:29 +0000 2020,RT @ChinaDoll_Daee: Monique won that lawsuit and all the old blacks shows on Netflix ğŸ˜‚,0,Netflix
356,longJohn905,Mon Oct 26 00:15:32 +0000 2020,@theytrynabecrey To be honest I donâ€™t know but I just found the link under one of the Big Time Rush members tweet aâ€¦ https://t.co/5jBGb2cTaG,0,Netflix
357,thezuko_,Mon Oct 26 00:15:32 +0000 2020,Watching The Queenâ€™s Gambit on Netflix and I love it.,0,Netflix
358,itsLONGWAYnow,Mon Oct 26 00:15:36 +0000 2020,take me a shower twist one.. find something on Netflix and rest,0,Netflix
359,sterlesbic,Mon Oct 26 00:15:38 +0000 2020,"RT @Evgeniya_NNN: @netflix The thing I only want is renew of #TeenageBountyHunters 
 
Fix your wrong hasty decisions and #SaveTeenageBountyâ€¦",0,Netflix
360,lisademons,Mon Oct 26 00:15:39 +0000 2020,"RT @Iisafeels: â€œare you netflix? because i could watch you for hours"" https://t.co/GEQA0DUuxD",0,Netflix
361,billyclace,Mon Oct 26 00:15:39 +0000 2020,"RT @clace_heart: Literally my favorite picture of #ClaryFray @Kat_McNamara â™¡â™¥ï¸â™¡
#SaveShadowhunters #Shadowhunters #KathrineMcnamara 
BRINGâ€¦",0,Netflix
362,MrDVine,Mon Oct 26 00:15:41 +0000 2020,RT @davidschneider: Iâ€™m furious! Netflix is planning to ban me from watching its shows after I cancelled my subscription to Netflix. https:â€¦,0,Netflix
363,joliestheron,Mon Oct 26 00:15:48 +0000 2020,@deliaxpaulson shush u (netflix or disney party),0,Netflix
364,chwestick,Mon Oct 26 00:15:48 +0000 2020,"#. OPEN ORDER !

â™¡ bukan link/mod
â™¡ 100% legal
â™¡ available andro &amp; ios
â™¡ full garansi 

t. jual beli jualan spotifyâ€¦ https://t.co/LFnbY1Zg4R",0,Netflix
365,PabloMurphy,Mon Oct 26 00:15:49 +0000 2020,"ğŸ§ğŸ“ºğŸ®ğŸ–¥

@Spotify, @Netflix, @disneyplus, @Twitch, @AppleTV &amp; more will be on the #PS5 at launch.

@PlayStation ğŸ“°:â€¦ https://t.co/DxatBoRCs0",0,Netflix
366,KBK11991,Mon Oct 26 00:15:49 +0000 2020,RT @TroBestman: Queen of the South...Money Heist. I need these new seasons from you. @netflix wassup?,0,Netflix
367,JaeBaeCRAZY,Mon Oct 26 00:15:50 +0000 2020,"Watched that dont kill cats or whatever documentary on netflix.... people really just be extra psycho , thank god iâ€¦ https://t.co/n7DwkMKX5s",0,Netflix
368,TrianglOXSquare,Mon Oct 26 00:15:52 +0000 2020,@Meshael_ALS I mean I canâ€™t say you are wrong but stillğŸ˜ Netflix has the occasional good show or movie tooğŸ˜althoughâ€¦ https://t.co/kVy2rZHIWQ,0,Netflix
369,chyIerscrofano,Mon Oct 26 00:15:53 +0000 2020,RT @mingpdynasty: Me and the 3 writers of color who worked on the show quit due to racist exploitation and abuse. The show runner and creatâ€¦,0,Netflix
370,TeresaEvangelin,Mon Oct 26 00:15:53 +0000 2020,"I binged on this last night and this morning. Loved it. I couldn't stop watching, thought it was excellent. 

The Qâ€¦ https://t.co/JmcLgmHvQP",0,Netflix
371,heart2stone,Mon Oct 26 00:15:54 +0000 2020,"I've actually went through a hot minute where I cancelled Netflix, never cancelled Prime, so I guess Netflix https://t.co/bm5ey2NeQc",0,Netflix
372,closer_myg,Mon Oct 26 00:15:54 +0000 2020,RT @netflix: BLACKPINK DELETED SCENE #4: Dying over this moment where Lisa and RosÃ© look back on the days they used to fight every single dâ€¦,0,Netflix
373,kimyasay,Mon Oct 26 00:15:55 +0000 2020,Netflix been pushing out really good KDramas lately ğŸ˜­ 1st ep of Itaewon Class was intense to say the least phew,0,Netflix
374,CaroleMyers,Mon Oct 26 00:15:27 +0000 2020,"@madrid_mike Strongly recommend the documentary SLUMLORD MILLIONAIRE about the lovely Jared Kushner, in the Netflixâ€¦ https://t.co/RLDlkRoZgB",0,Netflix
375,SnakeEyes5576,Mon Oct 26 00:15:24 +0000 2020,@BarrySheerman The parents are the issue. Itâ€™s seems mainly in Labour areas. Best go sort them out Barry or at leasâ€¦ https://t.co/IUGCqxx5TF,0,Netflix
376,topseturvy,Mon Oct 26 00:15:00 +0000 2020,RT @itsgenesmusic: I wonder if RosÃ© from BLACKPINK knows I've been thinking about her since I watched the Netflix doco on the weekend,0,Netflix
377,akaripeachy,Mon Oct 26 00:15:24 +0000 2020,"Netflix
1 month
Shared-Php50
Solo-Php150
3months&amp;20 days
Shared-Php150
Solo-Php 630

Spotify 
1 month-Php30
3 monthâ€¦ https://t.co/yh5CNuo6dU",0,Netflix
378,kawarthaNOW,Mon Oct 26 00:15:03 +0000 2020,"What's new on Netflix Canada in November. Featuring season four of The Crown, animated film The Liberator (on Rememâ€¦ https://t.co/oHY6F6z1ve",0,Netflix
379,prpl,Mon Oct 26 00:15:03 +0000 2020,"Inside Shonda Rhimes' Series 'Bridgerton': ""We're Not Making Your Grandmother's Period Piece."" Bridgerton is a spraâ€¦ https://t.co/JhhNsnqOda",0,Netflix
380,Leejaeplam,Mon Oct 26 00:15:03 +0000 2020,"RT @LeeJaeWookFocus: Lee Jae Wook | VAST ENT update.
â‹†
@vastprbot @ljw_official 
#LeeJaeWook #ì´ì¬ìš± 
#GoAra #ê³ ì•„ë¼ #kstar 
#DoDoSolSolLaLaSolâ€¦",0,Netflix
381,sabrinafiree,Mon Oct 26 00:15:04 +0000 2020,Just bawled my eyes out watching Over the Moon on Netflix ğŸ˜­ğŸ¥º,0,Netflix
382,caipremiums,Mon Oct 26 00:15:04 +0000 2020,"â€” on-handâ—ï¸

â€¢netflix 3 months and 20 days shared - â‚±150

     slot 1:
     slot 2:
     slot 3.
     slot 4.â€¦ https://t.co/XoTvAe9JwR",0,Netflix
383,KeenGemi,Mon Oct 26 00:15:04 +0000 2020,"RT @trsrpinks_: Blackpink worked hard to give blinkshits all they want, 3 comebacks, a no skip full album, domestic and international showsâ€¦",0,Netflix
384,Civrock,Mon Oct 26 00:15:08 +0000 2020,#TheQueensGambit on @netflix is really good. https://t.co/MoH5KpMhud,0,Netflix
385,sasaspace_,Mon Oct 26 00:15:08 +0000 2020,"ğŸ‘‡
ğŸŒˆNETFLIX 
ğŸŒˆYOUTUBE 
ğŸŒˆWATTPAD
ğŸŒˆVIU
ğŸŒˆSPOTIFY
ğŸŒˆCANVA
ğŸŒˆAPPLE MUSIC
ğŸŒˆWETV
ğŸŒˆREMINI
ğŸŒˆSCRIBD
ğŸŒˆHBO GO
ğŸŒˆCRUNCHYROLL
ğŸŒˆDISNEYâ€¦ https://t.co/PKyXr70ykr",0,Netflix
386,jackymrodriguez,Mon Oct 26 00:15:09 +0000 2020,What are some good movies or shows  on Netflix,0,Netflix
387,BrokenH3ADSET,Mon Oct 26 00:15:09 +0000 2020,@OnlyFinest_ Donâ€™t you have Netflix or Hulu ? Or prime video ?,0,Netflix
388,JPPPeixoto,Mon Oct 26 00:15:10 +0000 2020,@VanityFair This guy and @netflix together only had this outcome possible. He also abandoned the trilogy that startâ€¦ https://t.co/0qqt3rUd6L,0,Netflix
389,EJSmith60330009,Mon Oct 26 00:15:12 +0000 2020,"RT @LATiffani1: Beyonce is â€œheartbroken over brutalities in Nigeriaâ€, as we all are 

Not one damn broken Illuminati heart from the fake asâ€¦",0,Netflix
390,WidDub228,Mon Oct 26 00:15:13 +0000 2020,RT @JBoydTMH: Just finished The Queens Gambit on Netflix and I didnâ€™t think I would be so addicted to a psychological thriller about chess.â€¦,0,Netflix
391,1xmyy,Mon Oct 26 00:15:13 +0000 2020,being in the house got me buying all these tv networks cus netflix n hulu donâ€™t b enough,0,Netflix
392,mila1DNowUnited,Mon Oct 26 00:15:18 +0000 2020,"RT @chartsjatp: Guys, do you know what is important to help publicize the series (especially to Americans)? Order the songs on the radio, lâ€¦",0,Netflix
393,iSponge_,Mon Oct 26 00:15:19 +0000 2020,Amanda Knox: I watched this documentary on Netflix as well as Investigation Discovery. Both were really good. Aboutâ€¦ https://t.co/3JVQpe4oyP,0,Netflix
394,taleszvane,Mon Oct 26 00:15:19 +0000 2020,"RT @netflix: When Moira Rose pronounces a word, the word is forever changed

(Bask upon on Schitt's Creek for supplemental demonstrations oâ€¦",0,Netflix
395,TroBestman,Mon Oct 26 00:15:20 +0000 2020,Queen of the South...Money Heist. I need these new seasons from you. @netflix wassup?,0,Netflix
396,rowangingeraven,Mon Oct 26 00:15:22 +0000 2020,"@latino_slant OH! lol, I really am a Normie. I do hope it does well, even with it's sad ending...Netflix needs to pâ€¦ https://t.co/FHIl1gY8lt",0,Netflix
397,thisisaksa,Mon Oct 26 00:15:23 +0000 2020,Letâ€™s Netflix party a sad movie ğŸ¥°,0,Netflix
398,steventurous,Mon Oct 26 00:15:23 +0000 2020,Is there a 6-part Netflix doc yet about why the abbreviation for Americaâ€™s Funnies Home Videos was AFV?,0,Netflix
399,Rainier94960732,Mon Oct 26 00:13:59 +0000 2020,@marie_hill20202 Netflix forgot that she brings bad luck. #CancelNetflix,0,Netflix
400,horrorfreq,Mon Oct 26 00:15:46 +0000 2020,"What season of 90 Day Fiance is this?
Why tf can't these bishes Google the culture of the country they are moving tâ€¦ https://t.co/iMq46pcNE6",1,Google
401,matt4w,Mon Oct 26 00:15:58 +0000 2020,That warm fuzzy feeling when @googledownunder sends you an email offering a lucrative $0 off an Google Pixel 5 ğŸ¥° https://t.co/ttlurGz5fU,0,Google
402,JBsWhatsOn,Mon Oct 26 00:15:31 +0000 2020,Cocteau Twins - Fifty Fifty Clowns https://t.co/NnbtWaFFSp #NowPlaying #6music,0,Google
403,Juliapower10,Mon Oct 26 00:15:29 +0000 2020,@HamillHimself @JuneCasagrande @JoeBiden He tweeted it just around when trumps administration completed their own sâ€¦ https://t.co/WDc6MR4WQn,0,Google
404,StaceyM78844177,Mon Oct 26 00:15:29 +0000 2020,"RT @trish_regan: .@RobertKennedyJr: 

""Our rights can only be subverted if they impose censorship, silencing people who want to speak. Thisâ€¦",0,Google
405,elliexmachina,Mon Oct 26 00:15:29 +0000 2020,"RT @ChicagoLeah: Every two years, I get annoyed that Chicago Board of Elections doesn't make a map of early voting sites. So here's a map oâ€¦",0,Google
406,tsarlat,Mon Oct 26 00:15:30 +0000 2020,#google search console https://t.co/SFFUVY2YPk,0,Google
407,tinyjohnny127,Mon Oct 26 00:15:30 +0000 2020,RT @sunbathed_: sum nctzens really thought that during global fansigns the only one in the room is your kpop boy? who did you think was traâ€¦,0,Google
408,cliffordanglade,Mon Oct 26 00:15:30 +0000 2020,"@VP @robertcobrien @ScottMorrisonMP(Pt9)@RTCSNV,@NYCTSubway,@NYCTBus,@PATHTrain,Las Vegas,NV strip,downtown&amp;â€¦ https://t.co/1cHQjcW0bR",0,Google
409,GigelMarinescu,Mon Oct 26 00:15:30 +0000 2020,$SPX S&amp;P 500 highs based on bullish behavior and little evidence here is who we think are worth buying despite thisâ€¦ https://t.co/jVfXd87NTK,0,Google
410,pogosj1,Mon Oct 26 00:15:31 +0000 2020,Mountain View: Drifloon 97.8% (15/14/15) CP:510 (L15) Astonish/Shadow Ball till 17:44:39 (verified) (29m 8s).https://t.co/Y8xm5a4YeC,0,Google
411,freenzie16,Mon Oct 26 00:15:32 +0000 2020,"@benedictevans This is a great counter-argument, especially if Google can demonstrate it is truly the superior searâ€¦ https://t.co/eogYkopjNj",0,Google
412,4nge_sauvage,Mon Oct 26 00:15:27 +0000 2020,"RT @TrendHanbin: [REMINDER] [201026]

#HANBIN related (English) pages to visit:

Google : https://t.co/BzrxgrwfQt
Wiki : https://t.co/r8DYfâ€¦",0,Google
413,twood3,Mon Oct 26 00:15:32 +0000 2020,RT @MacRumors: Google Reportedly Pays Apple $8-12 Billion Per Year to be Default iOS Search Engine https://t.co/K3hEgEdL5N by @hartleycharlâ€¦,0,Google
414,hxlds,Mon Oct 26 00:15:32 +0000 2020,"RT @njoffline: Made a Google Maps of Places that are doing FREE meals for #ENDCHILDFOODPOVERTY

https://t.co/C2JRfY3kr8 https://t.co/Urcnl0â€¦",0,Google
415,loverboishooky,Mon Oct 26 00:15:33 +0000 2020,"4

Listen to the live podcast of The Unheard Truth from the Bible Episode 10: Life in the Thousand Years II.

Downlâ€¦ https://t.co/moJmJzsWWl",0,Google
416,garryhutchison,Mon Oct 26 00:15:33 +0000 2020,RT @adamMatthew: Google Searches for 'Can I Change My Vote' Spike Following Hunter Biden Sex Tape Release https://t.co/8qlmKefJOW via @gateâ€¦,0,Google
417,sarahemelia,Mon Oct 26 00:15:33 +0000 2020,@tricycles i looked it up on google and it says that it stands for both.,0,Google
418,2yeonhan,Mon Oct 26 00:15:37 +0000 2020,"RT @jeonkwonwhoa: [ HELP RT ]

SEALED â€˜SEMICOLONâ€™ PRE-ORDER (Non-Profit)

âš¡ï¸ PRICE: 700/each all in + LSF

- First Press
- Complete Inclusiâ€¦",0,Google
419,loverboishooky,Mon Oct 26 00:15:37 +0000 2020,"5

Listen to the live podcast of The Unheard Truth from the Bible Episode 10: Life in the Thousand Years II.

Downlâ€¦ https://t.co/WOJC2M0PzV",0,Google
420,britt_deshae,Mon Oct 26 00:15:38 +0000 2020,Everytime ppl ask me a pregnancy question I be like â€œidk that was a long ass time ago â€œğŸ¤£ğŸ¤£ğŸ¤£ cause I donâ€™t fucking knâ€¦ https://t.co/ISgjYhzG9d,0,Google
421,DavidJohnson_27,Mon Oct 26 00:15:38 +0000 2020,RT @jayrosen_nyu: Are there any school teachers within reach of my tweet who can help me and one of my grad students out by taking a simpleâ€¦,0,Google
422,mr_lovah,Mon Oct 26 00:15:27 +0000 2020,"RT @dbongino: If Donald Trump wins again, despite
-Twitter
-YouTube
-Facebook
-Google
-ABC
-NBC
-CBS
-CNN
-MSNBC
-and the Hollywood hate maâ€¦",0,Google
423,lovebtsateez_,Mon Oct 26 00:15:27 +0000 2020,"RT @LvIySan: @selinesunn Hereâ€™s the email template incase anyone wants to email sbs and sm 

https://t.co/s8DoAvHNvg",0,Google
424,Filapek,Mon Oct 26 00:15:38 +0000 2020,I find myself using Google to find information about locally listed companies on ASX website. While just about everâ€¦ https://t.co/gU323CGrhd,0,Google
425,loverboishooky,Mon Oct 26 00:15:23 +0000 2020,"3

Listen to the live podcast of The Unheard Truth from the Bible Episode 10: Life in the Thousand Years II.

Downlâ€¦ https://t.co/maSdbJrGZp",0,Google
426,loverboishooky,Mon Oct 26 00:15:18 +0000 2020,"2

Listen to the live podcast of The Unheard Truth from the Bible Episode 10: Life in the Thousand Years II.

Downlâ€¦ https://t.co/nXtCoiSkWu",0,Google
427,cueinc,Mon Oct 26 00:15:19 +0000 2020,RT @historysandoval: ğŸ—£ğŸ’» Fostering Collaboration Remotely ğŸ‚ #FallCUE session resources (https://t.co/gbRTLCnX6z). Thank you to everyone thatâ€¦,0,Google
428,madebygoogle,Mon Oct 26 00:15:19 +0000 2020,"@CouchBurner89 Hi Adam, It sounds like you did everything you could. We suggest you reach out to our chat support aâ€¦ https://t.co/bMkCVjv0b4",0,Google
429,JBsWhatsOn,Mon Oct 26 00:15:20 +0000 2020,Kyle Bobby Dunn - Furthest From It https://t.co/MVVPw7HIS2 #NowPlaying #6music,0,Google
430,asussexlady,Mon Oct 26 00:15:20 +0000 2020,@caldersidecook I did have to Google chitlins..,0,Google
431,g_ashish,Mon Oct 26 00:15:21 +0000 2020,RT @adamMatthew: Google Searches for 'Can I Change My Vote' Spike Following Hunter Biden Sex Tape Release https://t.co/8qlmKefJOW via @gateâ€¦,0,Google
432,pogosj1,Mon Oct 26 00:15:21 +0000 2020,San Jose: Golett 91.1% (14/13/14) CP:999 (L30) Astonish/Night Shade till 17:43:09 (verified) (27m 48s).https://t.co/6NWOfd1pjk,0,Google
433,SeanErickMorris,Mon Oct 26 00:15:21 +0000 2020,Seattle @Seahawks vs @AZCardinals on @SNFonNBC.  #SEAvsARI (NFLcal https://t.co/OQnV3UefDU) (Twitter List https://t.co/Ak2uAPa02q),0,Google
434,TinaCStarr,Mon Oct 26 00:15:22 +0000 2020,If i put an s in my search on google shinonome akito appears as the first option and I think that means somethingâ€¦ https://t.co/zg9XosbK5t,0,Google
435,ynotjones,Mon Oct 26 00:15:24 +0000 2020,"@greta google translate, my friend.",0,Google
436,itsmefi,Mon Oct 26 00:15:26 +0000 2020,RT @MarkedByCovid: RT PLS: Did you lose a loved one in Arizona to COVID? Would you like to honor them? We are organizing the first Phoenixâ€¦,0,Google
437,COMA387ClassBot,Mon Oct 26 00:15:24 +0000 2020,Why does Google commodify scrutiny by encoding for hierarchy,0,Google
438,1dstanlarry78,Mon Oct 26 00:15:24 +0000 2020,@lovegoodswalls If you just look it up on google thereâ€™s plenty of things talking about it,0,Google
439,khxri,Mon Oct 26 00:15:25 +0000 2020,RT @faatemsh: â€˜Wtf was i about to googleâ€™,0,Google
440,laurenkji,Mon Oct 26 00:15:25 +0000 2020,RT @trulyartzie: how to make friends on twitter google search,0,Google
441,joskinner28,Mon Oct 26 00:15:25 +0000 2020,Woo! 0 off the new Pixel 5! Thanks @Google. ğŸ˜#Pixel5 @localguides https://t.co/tlXhsVin9u,0,Google
442,JBsWhatsOn,Mon Oct 26 00:15:25 +0000 2020,Grace Jones - Walking in the rain https://t.co/x7n0mrE6Pe #NowPlaying #6music,0,Google
443,sirius12_8,Mon Oct 26 00:15:26 +0000 2020,"ã€M4.7ã€‘SOUTH SHETLAND ISLANDS 10.0km 2020/10/26 08:06:42JST, 2020/10/25 23:06:42UTC
(G)https://t.co/AQK1X5grea (USGS)https://t.co/pDf9nBXvPT",0,Google
444,bre_mast,Mon Oct 26 00:15:26 +0000 2020,"@_teamlilrock Me and Robert are about to Google it, so we will be in town matching ya. Robert said the neck tat looks sweet too!",0,Google
445,AppleRTweet,Mon Oct 26 00:15:26 +0000 2020,"RT @subwebz: #Apple, #Google and a Deal That Controls the #Internet via https://t.co/g8NBeDzisQ https://t.co/29qzxMNhDG",0,Google
446,070180,Mon Oct 26 00:15:38 +0000 2020,RT @kashhill: This is a jaw-dropping paragraph. https://t.co/ix4JFLCZJe https://t.co/QFl5MXoqPY,0,Google
447,ilyoil,Mon Oct 26 00:15:39 +0000 2020,RT @kashhill: This is a jaw-dropping paragraph. https://t.co/ix4JFLCZJe https://t.co/QFl5MXoqPY,0,Google
448,zukoshyna,Mon Oct 26 00:15:58 +0000 2020,@n0rms_ google is free btw,0,Google
449,pammiencolorado,Mon Oct 26 00:15:53 +0000 2020,@realDonaldTrump @JoeBiden Oh and the Cornell University study.....very very telling !! Vote for a truth teller andâ€¦ https://t.co/NF7t79BYXW,0,Google
450,theforestloner,Mon Oct 26 00:15:49 +0000 2020,"I know it's not April, but I thought I'd post this since it involves me. Image found at https://t.co/m8ScJ1AN4u https://t.co/ezyDJ7pZuA",0,Google
451,berry_lovessb19,Mon Oct 26 00:15:50 +0000 2020,"RT @TH40_Phil: @SB19Official is nominated for the 2020 #TH40MusicAwards under 7 categories (the most nominations, tied with The Juans).

Voâ€¦",0,Google
452,dabiideviito,Mon Oct 26 00:15:50 +0000 2020,"RT @BktdExchange: Here's the moment we've all been waiting for... SIGN-UPS ARE NOW OPEN!

&gt;&gt; https://t.co/wCQEWhwXF7 &lt;&lt;

Make sure to fillâ€¦",0,Google
453,ColleenTincher,Mon Oct 26 00:15:50 +0000 2020,RT @grahnforlang: Spanish Zoom signs for remote learning for students by @mrsleban!  So cool! https://t.co/hjSFrbp7Io https://t.co/Euyx6yQRâ€¦,0,Google
454,aliamnirh_,Mon Oct 26 00:15:50 +0000 2020,"RT @LVYoungForever: [Help RT]
Malaysian Armys ğŸ˜‡
I am raising funds to help fellow citizen in Sabah especially the affected area in Sempornaâ€¦",0,Google
455,PWoo1013,Mon Oct 26 00:15:51 +0000 2020,Ari. Use the Google. Learn about Ethiopia and quit complaining all the time.  #90dayfiance,0,Google
456,tsukayugi,Mon Oct 26 00:15:52 +0000 2020,@katsuhirxz compulsory hetero ğŸ’”ğŸ’”ğŸ’” too lzy to explain so google it if u wanna know,0,Google
457,loverboishooky,Mon Oct 26 00:15:53 +0000 2020,"8

Listen to the live podcast of The Unheard Truth from the Bible Episode 10: Life in the Thousand Years II.

Downlâ€¦ https://t.co/Q1AYyRboif",0,Google
458,Dead4Seven,Mon Oct 26 00:15:53 +0000 2020,RT @Seaborne_Inks: Less than two hours sleep couldnâ€™t focus for a long period of time so I practiced inking over @GregCapullo Joker pencilsâ€¦,0,Google
459,wordnuvola,Mon Oct 26 00:15:53 +0000 2020,@usoppalin here's your word cloud :^) (sponsored by Recover+ Read Deleted Messages &amp; Download Statusâ€¦ https://t.co/89Sxa91UVr,0,Google
460,betternevnow,Mon Oct 26 00:15:39 +0000 2020,"RT @whitepeach0205: I LUV U.
ot6 slogan and collect book.

ğŸ‘period: ~ 20th Nov
ğŸ‘form: https://t.co/zCOFrmYhNo
ğŸ‘ overseas group order pleaseâ€¦",0,Google
461,iteachmathAll,Mon Oct 26 00:15:54 +0000 2020,"RT @LennyVerMaas: Halloween Activities to engage students and have fun learing math.  Picture books, #3acttask , and more.  Thanks to @DebBâ€¦",0,Google
462,CarrieDevorah1,Mon Oct 26 00:15:54 +0000 2020,@MLGG2 @BBCWorld @CNN @HRWcanada @UN_Women @WHO @JustinTrudeau @patientombuds @PattyHajdu @OntariosDoctorsâ€¦ https://t.co/gwNsDuOg7K,0,Google
463,tashalharrison,Mon Oct 26 00:15:55 +0000 2020,"If mosquito bites leave bruises on you like a spider bite, does that mean youâ€™re allergic to them? I mean, weâ€™re alâ€¦ https://t.co/Mqd10Man3k",0,Google
464,Bethanie4Real,Mon Oct 26 00:15:55 +0000 2020,"RT @trish_regan: .@RobertKennedyJr: 

""Our rights can only be subverted if they impose censorship, silencing people who want to speak. Thisâ€¦",0,Google
465,HelissaMarmeyer,Mon Oct 26 00:15:55 +0000 2020,I spent yesterday with 2 of my debate members at a virtual tournament. It was an experience coaching from the couchâ€¦ https://t.co/zrxoUuMCZh,0,Google
466,loverboishooky,Mon Oct 26 00:15:56 +0000 2020,"9

Listen to the live podcast of The Unheard Truth from the Bible Episode 10: Life in the Thousand Years II.

Downlâ€¦ https://t.co/y8eI4d1Oxy",0,Google
467,lousdefences,Mon Oct 26 00:15:56 +0000 2020,RT @whosheisss: in a few years there will be people searching on google â€œyoung harry stylesâ€ https://t.co/OMTAX4TqOE,0,Google
468,A_M_Dolan,Mon Oct 26 00:15:57 +0000 2020,"RT @SimonWDC: In the battlegrounds, there are 6 states where Gen Z and Millennials (18-39) are over 20% of the early vote: 

TX   24.5%
MNâ€¦",0,Google
469,firefire100,Mon Oct 26 00:15:57 +0000 2020,"god yes

Sunshine by Alexander O'Neal - https://t.co/qKylCJcUsQ",0,Google
470,maya_rstw,Mon Oct 26 00:15:48 +0000 2020,"RT @danieltilles1: Google searches in Poland for ""apostasy"" before and after the abortion ruling on Thursday 22 October https://t.co/gN8Fmsâ€¦",0,Google
471,loverboishooky,Mon Oct 26 00:15:47 +0000 2020,"7

Listen to the live podcast of The Unheard Truth from the Bible Episode 10: Life in the Thousand Years II.

Downlâ€¦ https://t.co/6dnWtgFVa6",0,Google
472,TheIzzyPlayz,Mon Oct 26 00:15:47 +0000 2020,@OyJhon When I was little mah parents only had 5k dollars and only after a year or so my dad wqs accepted as a softâ€¦ https://t.co/9rOw6NF24r,0,Google
473,kylekirkup,Mon Oct 26 00:15:47 +0000 2020,RT @kaseykirkup: FREE EVENT: This Thursday @ 7pm EST - let the young people you know learn about what careers are available if they are intâ€¦,0,Google
474,RumaDas68134356,Mon Oct 26 00:15:41 +0000 2020,"RT @LeixTaexBTS: [USA GO] 2020 #íƒœí˜• #ë·” ğ’ğ”ğğğğ‘ğ“ ğ†ğğğƒğ’ by @Vakery951230 

All proceeds go to support #BTSVâ€™s music ğŸ˜ƒ 
 
âµ Tumbler Sets &amp; Eco Bâ€¦",0,Google
475,IAmSimonDell,Mon Oct 26 00:15:41 +0000 2020,"@idlhndzbizimind For your education.

https://t.co/m552E6WRy9",0,Google
476,FuckinOnenOnlyy,Mon Oct 26 00:15:42 +0000 2020,"RT @khb131_Global: âœ¦BRAND RANKING âœ¦

Click &amp; stay at least 3mins:

Naver : https://t.co/YvjPyV9DbW
Namuwiki : https://t.co/Y1jGbudk4A
Daumâ€¦",0,Google
477,mapofthesoulot7,Mon Oct 26 00:15:42 +0000 2020,RT @calmkoo: itâ€™s so painfully clear that whoever wrote these member â€œdescriptionsâ€ knows next to nothing about the boys and just did a quiâ€¦,0,Google
478,boononieee,Mon Oct 26 00:15:42 +0000 2020,"RT @Stray_Kids_JP: [SKZ DIARY]
HQ 201024 #ã‚¢ã‚¤ã‚¨ãƒ³ #I_N
ã€IN LIFEã€ VIDEO CALL EVENT

https://t.co/AS4OvteI54",0,Google
479,loverboishooky,Mon Oct 26 00:15:43 +0000 2020,"6

Listen to the live podcast of The Unheard Truth from the Bible Episode 10: Life in the Thousand Years II.

Downlâ€¦ https://t.co/pOpaH7VORf",0,Google
480,WPeriyasamy,Mon Oct 26 00:15:43 +0000 2020,"56/ @Frank_Puglisi86, during the COVID-19 pandemic and beyond, NYers need guaranteed healthcare. Will you sign on &amp;â€¦ https://t.co/jnFQb31gpi",0,Google
481,EricJosephHarla,Mon Oct 26 00:15:43 +0000 2020,"RT @dbongino: If Donald Trump wins again, despite
-Twitter
-YouTube
-Facebook
-Google
-ABC
-NBC
-CBS
-CNN
-MSNBC
-and the Hollywood hate maâ€¦",0,Google
482,_deeng_,Mon Oct 26 00:15:43 +0000 2020,RT @TylerGlaiel: I wonder if apple and google realize that the main reason there's such a huge pool of programmers to pull talent from righâ€¦,0,Google
483,Aksquad10,Mon Oct 26 00:15:44 +0000 2020,"RT @kucoincom: To celebrate the NFT-DEGO Mining Campaign on Pool-X, we are welcoming all new users with $6,000 in $DEGO tokens to give awayâ€¦",0,Google
484,Vikaskumar914,Mon Oct 26 00:15:44 +0000 2020,"RT @CarryMinati: Google search: why do I have a pimple on my forehead?

Random forums: If itâ€™s white from the outside you have cancer stageâ€¦",0,Google
485,Natmont_,Mon Oct 26 00:15:44 +0000 2020,RT @GraphicsJin: Congratulations to @BTS_twt Seokjin &amp; Suga for being the Only Artists with 3 Songs on the TOP 15 of Most Liked BTS Solo Soâ€¦,0,Google
486,DienRizka,Mon Oct 26 00:15:45 +0000 2020,"RT @exo_schedules: [ğŸ“£] Admin was off of twitter for a couple days so apologies for missing a couple updates.
Everything on google calendarâ€¦",0,Google
487,MaybeIMAmazed30,Mon Oct 26 00:15:45 +0000 2020,"Baby should have warned Ari about this ceremony. It may be their custom, but he should have warned her about this.â€¦ https://t.co/BTweueFlHZ",0,Google
488,nqshcore,Mon Oct 26 00:15:45 +0000 2020,@PIGBINARY MF GOOGLE EXISTS ğŸ’”ğŸ’”ğŸ’”ğŸ’”ğŸ’”,0,Google
489,SCJ_morganburke,Mon Oct 26 00:15:46 +0000 2020,Skutt Catholics volleyball program is super unique and an amazing environment to play in. Find out how this programâ€¦ https://t.co/yqqvf9c5ZC,0,Google
490,ggukvision,Mon Oct 26 00:15:46 +0000 2020,"RT @btsvotingorg: ğŸ† | THE FACT MUSIC AWARDS 

Make sure you have your accounts ready as first phase of voting is coming!

Download the appâ€¦",0,Google
491,vvei_k,Mon Oct 26 00:15:46 +0000 2020,"RT @Shousparks: Identity V Fan game - English Patch
ç™½è‰²å¢“ç¢‘ (White Tombstone)

https://t.co/J7K5Ur3osy

â—† Most of the game was translated to mâ€¦",0,Google
492,DanGarrett97,Mon Oct 26 00:15:46 +0000 2020,"Yeah, that special #Google Pro-#Biden #algo sauce doesn't exist ... https://t.co/ZrPZz42oAZ",0,Google
493,Kcimarrones,Mon Oct 26 00:15:18 +0000 2020,"RT @trish_regan: .@RobertKennedyJr: 

""Our rights can only be subverted if they impose censorship, silencing people who want to speak. Thisâ€¦",0,Google
